datetime,Tamaki Drive EB
2010-07-01,570.0
2010-07-02,473.0
2010-07-03,766.0
2010-07-04,240.0
2010-07-05,172.0
2010-07-06,423.0
2010-07-07,401.0
2010-07-08,496.0
2010-07-09,915.0
2010-07-10,646.0
2010-07-11,453.0
2010-07-12,340.0
2010-07-13,551.0
2010-07-14,505.0
2010-07-15,318.0
2010-07-16,506.0
2010-07-17,650.0
2010-07-18,413.0
2010-07-19,612.0
2010-07-20,361.0
2010-07-21,347.0
2010-07-22,338.0
2010-07-23,906.0
2010-07-24,736.0
2010-07-25,441.0
2010-07-26,468.0
2010-07-27,405.0
2010-07-28,491.0
2010-07-29,554.0
2010-07-30,769.0
2010-07-31,537.0
2010-08-01,283.0
2010-08-02,415.0
2010-08-03,250.0
2010-08-04,416.0
2010-08-05,532.0
2010-08-06,403.0
2010-08-07,430.0
2010-08-08,391.0
2010-08-09,635.0
2010-08-10,530.0
2010-08-11,566.0
2010-08-12,270.0
2010-08-13,104.0
2010-08-14,626.0
2010-08-15,479.0
2010-08-16,477.0
2010-08-17,364.0
2010-08-18,411.0
2010-08-19,347.0
2010-08-20,424.0
2010-08-21,503.0
2010-08-22,322.0
2010-08-23,587.0
2010-08-24,401.0
2010-08-25,445.0
2010-08-26,277.0
2010-08-27,642.0
2010-08-28,471.0
2010-08-29,401.0
2010-08-30,549.0
2010-08-31,628.0
2010-09-01,409.0
2010-09-02,336.0
2010-09-03,472.0
2010-09-04,633.0
2010-09-05,326.0
2010-09-06,259.0
2010-09-07,598.0
2010-09-08,467.0
2010-09-09,593.0
2010-09-10,583.0
2010-09-11,934.0
2010-09-12,453.0
2010-09-13,503.0
2010-09-14,613.0
2010-09-15,449.0
2010-09-16,244.0
2010-09-17,548.0
2010-09-18,282.0
2010-09-19,267.0
2010-09-20,383.0
2010-09-21,392.0
2010-09-22,262.0
2010-09-23,356.0
2010-09-24,433.0
2010-09-25,544.0
2010-09-26,700.0
2010-09-27,595.0
2010-09-28,843.0
2010-09-29,731.0
2010-09-30,398.0
2010-10-01,282.0
2010-10-02,823.0
2010-10-03,949.0
2010-10-04,757.0
2010-10-05,860.0
2010-10-06,694.0
2010-10-07,650.0
2010-10-08,591.0
2010-10-09,603.0
2010-10-10,943.0
2010-10-11,291.0
2010-10-12,671.0
2010-10-13,398.0
2010-10-14,658.0
2010-10-15,564.0
2010-10-16,1123.0
2010-10-17,477.0
2010-10-18,441.0
2010-10-19,746.0
2010-10-20,507.0
2010-10-21,430.0
2010-10-22,551.0
2010-10-23,954.0
2010-10-24,909.0
2010-10-25,1031.0
2010-10-26,840.0
2010-10-27,755.0
2010-10-28,765.0
2010-10-29,732.0
2010-10-30,741.0
2010-10-31,624.0
2010-11-01,695.0
2010-11-02,873.0
2010-11-03,752.0
2010-11-04,701.0
2010-11-05,354.0
2010-11-06,882.0
2010-11-07,881.0
2010-11-08,688.0
2010-11-09,843.0
2010-11-10,821.0
2010-11-11,608.0
2010-11-12,512.0
2010-11-13,996.0
2010-11-14,759.0
2010-11-15,580.0
2010-11-16,980.0
2010-11-17,814.0
2010-11-18,708.0
2010-11-19,527.0
2010-11-20,768.0
2010-11-21,349.0
2010-11-22,584.0
2010-11-23,653.0
2010-11-24,753.0
2010-11-25,633.0
2010-11-26,522.0
2010-11-27,795.0
2010-11-28,769.0
2010-11-29,718.0
2010-11-30,909.0
2010-12-01,721.0
2010-12-02,733.0
2010-12-03,653.0
2010-12-04,864.0
2010-12-05,855.0
2010-12-06,612.0
2010-12-07,660.0
2010-12-08,734.0
2010-12-09,670.0
2010-12-10,586.0
2010-12-11,714.0
2010-12-12,603.0
2010-12-13,691.0
2010-12-14,407.0
2010-12-15,762.0
2010-12-16,356.0
2010-12-17,340.0
2010-12-18,379.0
2010-12-19,260.0
2010-12-20,457.0
2010-12-21,684.0
2010-12-22,688.0
2010-12-23,634.0
2010-12-24,481.0
2010-12-25,384.0
2010-12-26,614.0
2010-12-27,555.0
2010-12-28,143.0
2010-12-29,738.0
2010-12-30,489.0
2010-12-31,483.0
2011-01-01,503.0
2011-01-02,797.0
2011-01-03,649.0
2011-01-04,777.0
2011-01-05,659.0
2011-01-06,544.0
2011-01-07,541.0
2011-01-08,731.0
2011-01-09,702.0
2011-01-10,777.0
2011-01-11,520.0
2011-01-12,803.0
2011-01-13,828.0
2011-01-14,781.0
2011-01-15,879.0
2011-01-16,899.0
2011-01-17,686.0
2011-01-18,365.0
2011-01-19,578.0
2011-01-20,905.0
2011-01-21,680.0
2011-01-22,555.0
2011-01-23,115.0
2011-01-24,385.0
2011-01-25,980.0
2011-01-26,949.0
2011-01-27,985.0
2011-01-28,499.0
2011-01-29,194.0
2011-01-30,780.0
2011-01-31,664.0
2011-02-01,825.0
2011-02-02,872.0
2011-02-03,840.0
2011-02-04,656.0
2011-02-05,1037.0
2011-02-06,862.0
2011-02-07,785.0
2011-02-08,693.0
2011-02-09,632.0
2011-02-10,867.0
2011-02-11,827.0
2011-02-12,684.0
2011-02-13,849.0
2011-02-14,854.0
2011-02-15,942.0
2011-02-16,697.0
2011-02-17,1009.0
2011-02-18,791.0
2011-02-19,1001.0
2011-02-20,771.0
2011-02-21,723.0
2011-02-22,768.0
2011-02-23,668.0
2011-02-24,759.0
2011-02-25,700.0
2011-02-26,994.0
2011-02-27,811.0
2011-02-28,772.0
2011-03-01,943.0
2011-03-02,625.0
2011-03-03,769.0
2011-03-04,603.0
2011-03-05,208.0
2011-03-06,389.0
2011-03-07,828.0
2011-03-08,885.0
2011-03-09,843.0
2011-03-10,870.0
2011-03-11,718.0
2011-03-12,736.0
2011-03-13,465.0
2011-03-14,812.0
2011-03-15,920.0
2011-03-16,769.0
2011-03-17,764.0
2011-03-18,613.0
2011-03-19,765.0
2011-03-20,736.0
2011-03-21,799.0
2011-03-22,610.0
2011-03-23,803.0
2011-03-24,674.0
2011-03-25,325.0
2011-03-26,152.0
2011-03-27,583.0
2011-03-28,664.0
2011-03-29,926.0
2011-03-30,790.0
2011-03-31,807.0
2011-04-01,559.0
2011-04-02,829.0
2011-04-03,863.0
2011-04-04,797.0
2011-04-05,535.0
2011-04-06,622.0
2011-04-07,523.0
2011-04-08,763.0
2011-04-09,800.0
2011-04-10,843.0
2011-04-11,915.0
2011-04-12,974.0
2011-04-13,915.0
2011-04-14,828.0
2011-04-15,735.0
2011-04-16,141.0
2011-04-17,547.0
2011-04-18,408.0
2011-04-19,749.0
2011-04-20,723.0
2011-04-21,691.0
2011-04-22,403.0
2011-04-23,529.0
2011-04-24,448.0
2011-04-25,66.0
2011-04-26,407.0
2011-04-27,625.0
2011-04-28,544.0
2011-04-29,777.0
2011-04-30,588.0
2011-05-01,684.0
2011-05-02,321.0
2011-05-03,547.0
2011-05-04,759.0
2011-05-05,781.0
2011-05-06,373.0
2011-05-07,528.0
2011-05-08,1021.0
2011-05-09,828.0
2011-05-10,776.0
2011-05-11,305.0
2011-05-12,820.0
2011-05-13,689.0
2011-05-14,537.0
2011-05-15,1076.0
2011-05-16,446.0
2011-05-17,573.0
2011-05-18,506.0
2011-05-19,609.0
2011-05-20,578.0
2011-05-21,440.0
2011-05-22,1011.0
2011-05-23,770.0
2011-05-24,859.0
2011-05-25,572.0
2011-05-26,160.0
2011-05-27,501.0
2011-05-28,516.0
2011-05-29,1344.0
2011-05-30,673.0
2011-05-31,616.0
2011-06-01,696.0
2011-06-02,604.0
2011-06-03,266.0
2011-06-04,46.0
2011-06-05,735.0
2011-06-06,481.0
2011-06-07,581.0
2011-06-08,524.0
2011-06-09,447.0
2011-06-10,208.0
2011-06-11,202.0
2011-06-12,1394.0
2011-06-13,620.0
2011-06-14,623.0
2011-06-15,535.0
2011-06-16,581.0
2011-06-17,337.0
2011-06-18,257.0
2011-06-19,299.0
2011-06-20,391.0
2011-06-21,652.0
2011-06-22,496.0
2011-06-23,257.0
2011-06-24,402.0
2011-06-25,189.0
2011-06-26,1369.0
2011-06-27,572.0
2011-06-28,390.0
2011-06-29,397.0
2011-06-30,546.0
2011-07-01,455.0
2011-07-02,489.0
2011-07-03,389.0
2011-07-04,472.0
2011-07-05,479.0
2011-07-06,268.0
2011-07-07,350.0
2011-07-08,224.0
2011-07-09,226.0
2011-07-10,236.0
2011-07-11,415.0
2011-07-12,326.0
2011-07-13,336.0
2011-07-14,288.0
2011-07-15,244.0
2011-07-16,254.0
2011-07-17,646.0
2011-07-18,677.0
2011-07-19,665.0
2011-07-20,504.0
2011-07-21,255.0
2011-07-22,313.0
2011-07-23,306.0
2011-07-24,186.0
2011-07-25,362.0
2011-07-26,382.0
2011-07-27,369.0
2011-07-28,384.0
2011-07-29,458.0
2011-07-30,281.0
2011-07-31,805.0
2011-08-01,502.0
2011-08-02,557.0
2011-08-03,530.0
2011-08-04,528.0
2011-08-05,332.0
2011-08-06,517.0
2011-08-07,985.0
2011-08-08,517.0
2011-08-09,488.0
2011-08-10,549.0
2011-08-11,486.0
2011-08-12,509.0
2011-08-13,561.0
2011-08-14,23.0
2011-08-15,96.0
2011-08-16,514.0
2011-08-17,507.0
2011-08-18,436.0
2011-08-19,527.0
2011-08-20,677.0
2011-08-21,501.0
2011-08-22,519.0
2011-08-23,462.0
2011-08-24,429.0
2011-08-25,339.0
2011-08-26,605.0
2011-08-27,739.0
2011-08-28,449.0
2011-08-29,430.0
2011-08-30,664.0
2011-08-31,492.0
2011-09-01,452.0
2011-09-02,465.0
2011-09-03,760.0
2011-09-04,663.0
2011-09-05,438.0
2011-09-06,705.0
2011-09-07,567.0
2011-09-08,572.0
2011-09-09,445.0
2011-09-10,731.0
2011-09-11,701.0
2011-09-12,612.0
2011-09-13,717.0
2011-09-14,360.0
2011-09-15,469.0
2011-09-16,279.0
2011-09-17,499.0
2011-09-18,650.0
2011-09-19,191.0
2011-09-20,474.0
2011-09-21,292.0
2011-09-22,330.0
2011-09-23,394.0
2011-09-24,475.0
2011-09-25,779.0
2011-09-26,494.0
2011-09-27,710.0
2011-09-28,524.0
2011-09-29,398.0
2011-09-30,362.0
2011-10-01,673.0
2011-10-02,627.0
2011-10-03,479.0
2011-10-04,670.0
2011-10-05,644.0
2011-10-06,652.0
2011-10-07,448.0
2011-10-08,611.0
2011-10-09,1035.0
2011-10-10,464.0
2011-10-11,752.0
2011-10-12,483.0
2011-10-13,442.0
2011-10-14,567.0
2011-10-15,999.0
2011-10-16,468.0
2011-10-17,508.0
2011-10-18,645.0
2011-10-19,643.0
2011-10-20,510.0
2011-10-21,504.0
2011-10-22,993.0
2011-10-23,836.0
2011-10-24,761.0
2011-10-25,606.0
2011-10-26,690.0
2011-10-27,558.0
2011-10-28,670.0
2011-10-29,788.0
2011-10-30,619.0
2011-10-31,554.0
2011-11-01,721.0
2011-11-02,660.0
2011-11-03,543.0
2011-11-04,469.0
2011-11-05,973.0
2011-11-06,825.0
2011-11-07,551.0
2011-11-08,786.0
2011-11-09,687.0
2011-11-10,720.0
2011-11-11,478.0
2011-11-12,882.0
2011-11-13,681.0
2011-11-14,550.0
2011-11-15,855.0
2011-11-16,644.0
2011-11-17,645.0
2011-11-18,510.0
2011-11-19,819.0
2011-11-20,392.0
2011-11-21,656.0
2011-11-22,673.0
2011-11-23,797.0
2011-11-24,630.0
2011-11-25,526.0
2011-11-26,668.0
2011-11-27,642.0
2011-11-28,594.0
2011-11-29,786.0
2011-11-30,581.0
2011-12-01,604.0
2011-12-02,418.0
2011-12-03,804.0
2011-12-04,917.0
2011-12-05,635.0
2011-12-06,779.0
2011-12-07,764.0
2011-12-08,739.0
2011-12-09,630.0
2011-12-10,657.0
2011-12-11,725.0
2011-12-12,605.0
2011-12-13,527.0
2011-12-14,717.0
2011-12-15,499.0
2011-12-16,459.0
2011-12-17,640.0
2011-12-18,376.0
2011-12-19,478.0
2011-12-20,728.0
2011-12-21,594.0
2011-12-22,641.0
2011-12-23,467.0
2011-12-24,546.0
2011-12-25,662.0
2011-12-26,618.0
2011-12-27,253.0
2011-12-28,604.0
2011-12-29,446.0
2011-12-30,492.0
2011-12-31,659.0
2012-01-01,792.0
2012-01-02,500.0
2012-01-03,711.0
2012-01-04,852.0
2012-01-05,820.0
2012-01-06,619.0
2012-01-07,788.0
2012-01-08,642.0
2012-01-09,685.0
2012-01-10,799.0
2012-01-11,809.0
2012-01-12,850.0
2012-01-13,664.0
2012-01-14,1020.0
2012-01-15,749.0
2012-01-16,635.0
2012-01-17,852.0
2012-01-18,818.0
2012-01-19,710.0
2012-01-20,571.0
2012-01-21,772.0
2012-01-22,872.0
2012-01-23,960.0
2012-01-24,828.0
2012-01-25,889.0
2012-01-26,901.0
2012-01-27,742.0
2012-01-28,1061.0
2012-01-29,826.0
2012-01-30,601.0
2012-01-31,893.0
2012-02-01,944.0
2012-02-02,895.0
2012-02-03,819.0
2012-02-04,1000.0
2012-02-05,1024.0
2012-02-06,720.0
2012-02-07,795.0
2012-02-08,760.0
2012-02-09,757.0
2012-02-10,604.0
2012-02-11,625.0
2012-02-12,848.0
2012-02-13,674.0
2012-02-14,941.0
2012-02-15,377.0
2012-02-16,883.0
2012-02-17,717.0
2012-02-18,1097.0
2012-02-19,898.0
2012-02-20,802.0
2012-02-21,903.0
2012-02-22,475.0
2012-02-23,402.0
2012-02-24,629.0
2012-02-25,703.0
2012-02-26,993.0
2012-02-27,731.0
2012-02-28,833.0
2012-02-29,593.0
2012-03-01,345.0
2012-03-02,605.0
2012-03-03,179.0
2012-03-04,965.0
2012-03-05,850.0
2012-03-06,821.0
2012-03-07,630.0
2012-03-08,461.0
2012-03-09,699.0
2012-03-10,887.0
2012-03-11,305.0
2012-03-12,465.0
2012-03-13,759.0
2012-03-14,795.0
2012-03-15,723.0
2012-03-16,765.0
2012-03-17,774.0
2012-03-18,478.0
2012-03-19,212.0
2012-03-20,353.0
2012-03-21,372.0
2012-03-22,675.0
2012-03-23,613.0
2012-03-24,666.0
2012-03-25,511.0
2012-03-26,687.0
2012-03-27,856.0
2012-03-28,722.0
2012-03-29,735.0
2012-03-30,731.0
2012-03-31,738.0
2012-04-01,800.0
2012-04-02,544.0
2012-04-03,599.0
2012-04-04,576.0
2012-04-05,699.0
2012-04-06,1022.0
2012-04-07,683.0
2012-04-08,825.0
2012-04-09,777.0
2012-04-10,672.0
2012-04-11,503.0
2012-04-12,450.0
2012-04-13,495.0
2012-04-14,693.0
2012-04-15,790.0
2012-04-16,694.0
2012-04-17,753.0
2012-04-18,708.0
2012-04-19,736.0
2012-04-20,619.0
2012-04-21,875.0
2012-04-22,766.0
2012-04-23,677.0
2012-04-24,720.0
2012-04-25,1039.0
2012-04-26,587.0
2012-04-27,370.0
2012-04-28,569.0
2012-04-29,708.0
2012-04-30,463.0
2012-05-01,657.0
2012-05-02,611.0
2012-05-03,673.0
2012-05-04,618.0
2012-05-05,819.0
2012-05-06,721.0
2012-05-07,529.0
2012-05-08,450.0
2012-05-09,330.0
2012-05-10,547.0
2012-05-11,492.0
2012-05-12,575.0
2012-05-13,486.0
2012-05-14,397.0
2012-05-15,277.0
2012-05-16,332.0
2012-05-17,401.0
2012-05-18,407.0
2012-05-19,390.0
2012-05-20,646.0
2012-05-21,507.0
2012-05-22,695.0
2012-05-23,634.0
2012-05-24,558.0
2012-05-25,555.0
2012-05-26,695.0
2012-05-27,491.0
2012-05-28,298.0
2012-05-29,578.0
2012-05-30,541.0
2012-05-31,438.0
2012-06-01,583.0
2012-06-02,648.0
2012-06-03,606.0
2012-06-04,711.0
2012-06-05,354.0
2012-06-06,363.0
2012-06-07,447.0
2012-06-08,489.0
2012-06-09,463.0
2012-06-10,510.0
2012-06-11,441.0
2012-06-12,615.0
2012-06-13,579.0
2012-06-14,540.0
2012-06-15,456.0
2012-06-16,687.0
2012-06-17,595.0
2012-06-18,317.0
2012-06-19,473.0
2012-06-20,376.0
2012-06-21,422.0
2012-06-22,491.0
2012-06-23,673.0
2012-06-24,266.0
2012-06-25,316.0
2012-06-26,386.0
2012-06-27,311.0
2012-06-28,358.0
2012-06-29,341.0
2012-06-30,566.0
2012-07-01,512.0
2012-07-02,351.0
2012-07-03,199.0
2012-07-04,370.0
2012-07-05,466.0
2012-07-06,455.0
2012-07-07,786.0
2012-07-08,711.0
2012-07-09,504.0
2012-07-10,602.0
2012-07-11,496.0
2012-07-12,435.0
2012-07-13,467.0
2012-07-14,616.0
2012-07-15,167.0
2012-07-16,175.0
2012-07-17,370.0
2012-07-18,562.0
2012-07-19,607.0
2012-07-20,559.0
2012-07-21,616.0
2012-07-22,168.0
2012-07-23,220.0
2012-07-24,418.0
2012-07-25,414.0
2012-07-26,540.0
2012-07-27,575.0
2012-07-28,646.0
2012-07-29,202.0
2012-07-30,270.0
2012-07-31,429.0
2012-08-01,340.0
2012-08-02,364.0
2012-08-03,459.0
2012-08-04,699.0
2012-08-05,678.0
2012-08-06,456.0
2012-08-07,581.0
2012-08-08,321.0
2012-08-09,430.0
2012-08-10,577.0
2012-08-11,565.0
2012-08-12,293.0
2012-08-13,441.0
2012-08-14,529.0
2012-08-15,450.0
2012-08-16,456.0
2012-08-17,546.0
2012-08-18,795.0
2012-08-19,607.0
2012-08-20,314.0
2012-08-21,480.0
2012-08-22,551.0
2012-08-23,605.0
2012-08-24,595.0
2012-08-25,898.0
2012-08-26,766.0
2012-08-27,327.0
2012-08-28,637.0
2012-08-29,606.0
2012-08-30,452.0
2012-08-31,613.0
2012-09-01,663.0
2012-09-02,414.0
2012-09-03,179.0
2012-09-04,441.0
2012-09-05,380.0
2012-09-06,559.0
2012-09-07,520.0
2012-09-08,559.0
2012-09-09,493.0
2012-09-10,436.0
2012-09-11,432.0
2012-09-12,488.0
2012-09-13,602.0
2012-09-14,537.0
2012-09-15,360.0
2012-09-16,401.0
2012-09-17,396.0
2012-09-18,605.0
2012-09-19,632.0
2012-09-20,578.0
2012-09-21,563.0
2012-09-22,846.0
2012-09-23,530.0
2012-09-24,350.0
2012-09-25,617.0
2012-09-26,452.0
2012-09-27,481.0
2012-09-28,578.0
2012-09-29,659.0
2012-09-30,820.0
2012-10-01,280.0
2012-10-02,488.0
2012-10-03,455.0
2012-10-04,423.0
2012-10-05,457.0
2012-10-06,321.0
2012-10-07,627.0
2012-10-08,372.0
2012-10-09,683.0
2012-10-10,609.0
2012-10-11,736.0
2012-10-12,735.0
2012-10-13,141.0
2012-10-14,349.0
2012-10-15,434.0
2012-10-16,731.0
2012-10-17,838.0
2012-10-18,550.0
2012-10-19,572.0
2012-10-20,921.0
2012-10-21,337.0
2012-10-22,666.0
2012-10-23,474.0
2012-10-24,870.0
2012-10-25,720.0
2012-10-26,649.0
2012-10-27,904.0
2012-10-28,718.0
2012-10-29,435.0
2012-10-30,608.0
2012-10-31,722.0
2012-11-01,788.0
2012-11-02,618.0
2012-11-03,642.0
2012-11-04,543.0
2012-11-05,627.0
2012-11-06,635.0
2012-11-07,770.0
2012-11-08,723.0
2012-11-09,662.0
2012-11-10,670.0
2012-11-11,505.0
2012-11-12,558.0
2012-11-13,628.0
2012-11-14,602.0
2012-11-15,524.0
2012-11-16,594.0
2012-11-17,296.0
2012-11-18,448.0
2012-11-19,698.0
2012-11-20,855.0
2012-11-21,798.0
2012-11-22,853.0
2012-11-23,635.0
2012-11-24,725.0
2012-11-25,672.0
2012-11-26,544.0
2012-11-27,741.0
2012-11-28,659.0
2012-11-29,511.0
2012-11-30,445.0
2012-12-01,720.0
2012-12-02,473.0
2012-12-03,476.0
2012-12-04,737.0
2012-12-05,438.0
2012-12-06,489.0
2012-12-07,352.0
2012-12-08,805.0
2012-12-09,921.0
2012-12-10,738.0
2012-12-11,677.0
2012-12-12,781.0
2012-12-13,761.0
2012-12-14,560.0
2012-12-15,823.0
2012-12-16,759.0
2012-12-17,471.0
2012-12-18,562.0
2012-12-19,657.0
2012-12-20,667.0
2012-12-21,611.0
2012-12-22,762.0
2012-12-23,656.0
2012-12-24,390.0
2012-12-25,171.0
2012-12-26,216.0
2012-12-27,633.0
2012-12-28,642.0
2012-12-29,903.0
2012-12-30,347.0
2012-12-31,582.0
2013-01-01,740.0
2013-01-02,678.0
2013-01-03,297.0
2013-01-04,609.0
2013-01-05,892.0
2013-01-06,760.0
2013-01-07,643.0
2013-01-08,581.0
2013-01-09,907.0
2013-01-10,853.0
2013-01-11,734.0
2013-01-12,916.0
2013-01-13,998.0
2013-01-14,577.0
2013-01-15,672.0
2013-01-16,679.0
2013-01-17,715.0
2013-01-18,645.0
2013-01-19,890.0
2013-01-20,466.0
2013-01-21,772.0
2013-01-22,881.0
2013-01-23,818.0
2013-01-24,902.0
2013-01-25,737.0
2013-01-26,882.0
2013-01-27,730.0
2013-01-28,1097.0
2013-01-29,927.0
2013-01-30,939.0
2013-01-31,918.0
2013-02-01,793.0
2013-02-02,929.0
2013-02-03,796.0
2013-02-04,373.0
2013-02-05,543.0
2013-02-06,1427.0
2013-02-07,896.0
2013-02-08,831.0
2013-02-09,1013.0
2013-02-10,1017.0
2013-02-11,882.0
2013-02-12,951.0
2013-02-13,818.0
2013-02-14,729.0
2013-02-15,680.0
2013-02-16,740.0
2013-02-17,1017.0
2013-02-18,846.0
2013-02-19,914.0
2013-02-20,856.0
2013-02-21,494.0
2013-02-22,609.0
2013-02-23,892.0
2013-02-24,760.0
2013-02-25,643.0
2013-02-26,581.0
2013-02-27,907.0
2013-02-28,458.0
2013-03-01,373.0
2013-03-02,863.0
2013-03-03,696.0
2013-03-04,677.0
2013-03-05,922.0
2013-03-06,836.0
2013-03-07,871.0
2013-03-08,797.0
2013-03-09,957.0
2013-03-10,512.0
2013-03-11,941.0
2013-03-12,1025.0
2013-03-13,923.0
2013-03-14,836.0
2013-03-15,717.0
2013-03-16,708.0
2013-03-17,146.0
2013-03-18,561.0
2013-03-19,552.0
2013-03-20,734.0
2013-03-21,828.0
2013-03-22,674.0
2013-03-23,808.0
2013-03-24,895.0
2013-03-25,767.0
2013-03-26,390.0
2013-03-27,772.0
2013-03-28,805.0
2013-03-29,802.0
2013-03-30,574.0
2013-03-31,815.0
2013-04-01,760.0
2013-04-02,784.0
2013-04-03,786.0
2013-04-04,463.0
2013-04-05,755.0
2013-04-06,549.0
2013-04-07,742.0
2013-04-08,769.0
2013-04-09,852.0
2013-04-10,783.0
2013-04-11,751.0
2013-04-12,669.0
2013-04-13,916.0
2013-04-14,830.0
2013-04-15,457.0
2013-04-16,276.0
2013-04-17,381.0
2013-04-18,644.0
2013-04-19,547.0
2013-04-20,559.0
2013-04-21,456.0
2013-04-22,507.0
2013-04-23,655.0
2013-04-24,407.0
2013-04-25,693.0
2013-04-26,575.0
2013-04-27,396.0
2013-04-28,808.0
2013-04-29,673.0
2013-04-30,797.0
2013-05-01,757.0
2013-05-02,637.0
2013-05-03,574.0
2013-05-04,378.0
2013-05-05,407.0
2013-05-06,163.0
2013-05-07,837.0
2013-05-08,514.0
2013-05-09,315.0
2013-05-10,501.0
2013-05-11,694.0
2013-05-12,868.0
2013-05-13,743.0
2013-05-14,809.0
2013-05-15,645.0
2013-05-16,696.0
2013-05-17,386.0
2013-05-18,400.0
2013-05-19,417.0
2013-05-20,636.0
2013-05-21,571.0
2013-05-22,446.0
2013-05-23,418.0
2013-05-24,642.0
2013-05-25,504.0
2013-05-26,590.0
2013-05-27,511.0
2013-05-28,229.0
2013-05-29,499.0
2013-05-30,529.0
2013-05-31,553.0
2013-06-01,596.0
2013-06-02,702.0
2013-06-03,580.0
2013-06-04,226.0
2013-06-05,491.0
2013-06-06,712.0
2013-06-07,605.0
2013-06-08,801.0
2013-06-09,202.0
2013-06-10,579.0
2013-06-11,679.0
2013-06-12,506.0
2013-06-13,633.0
2013-06-14,283.0
2013-06-15,506.0
2013-06-16,71.0
2013-06-17,471.0
2013-06-18,584.0
2013-06-19,409.0
2013-06-20,276.0
2013-06-21,299.0
2013-06-22,356.0
2013-06-23,253.0
2013-06-24,481.0
2013-06-25,542.0
2013-06-26,502.0
2013-06-27,476.0
2013-06-28,453.0
2013-06-29,825.0
2013-06-30,555.0
2013-07-01,564.0
2013-07-02,585.0
2013-07-03,354.0
2013-07-04,460.0
2013-07-05,462.0
2013-07-06,506.0
2013-07-07,653.0
2013-07-08,439.0
2013-07-09,482.0
2013-07-10,281.0
2013-07-11,398.0
2013-07-12,415.0
2013-07-13,617.0
2013-07-14,251.0
2013-07-15,412.0
2013-07-16,574.0
2013-07-17,486.0
2013-07-18,464.0
2013-07-19,419.0
2013-07-20,795.0
2013-07-21,740.0
2013-07-22,622.0
2013-07-23,663.0
2013-07-24,360.0
2013-07-25,554.0
2013-07-26,538.0
2013-07-27,666.0
2013-07-28,684.0
2013-07-29,601.0
2013-07-30,734.0
2013-07-31,607.0
2013-08-01,503.0
2013-08-02,294.0
2013-08-03,630.0
2013-08-04,728.0
2013-08-05,540.0
2013-08-06,686.0
2013-08-07,595.0
2013-08-08,656.0
2013-08-09,651.0
2013-08-10,370.0
2013-08-11,295.0
2013-08-12,261.0
2013-08-13,528.0
2013-08-14,439.0
2013-08-15,586.0
2013-08-16,433.0
2013-08-17,454.0
2013-08-18,811.0
2013-08-19,502.0
2013-08-20,490.0
2013-08-21,343.0
2013-08-22,600.0
2013-08-23,414.0
2013-08-24,727.0
2013-08-25,217.0
2013-08-26,460.0
2013-08-27,587.0
2013-08-28,610.0
2013-08-29,402.0
2013-08-30,482.0
2013-08-31,845.0
2013-09-01,862.0
2013-09-02,599.0
2013-09-03,719.0
2013-09-04,447.0
2013-09-05,333.0
2013-09-06,620.0
2013-09-07,608.0
2013-09-08,451.0
2013-09-09,481.0
2013-09-10,625.0
2013-09-11,411.0
2013-09-12,226.0
2013-09-13,551.0
2013-09-14,300.0
2013-09-15,590.0
2013-09-16,593.0
2013-09-17,687.0
2013-09-18,714.0
2013-09-19,460.0
2013-09-20,397.0
2013-09-21,339.0
2013-09-22,622.0
2013-09-23,611.0
2013-09-24,380.0
2013-09-25,246.0
2013-09-26,423.0
2013-09-27,583.0
2013-09-28,446.0
2013-09-29,555.0
2013-09-30,460.0
2013-10-01,618.0
2013-10-02,863.0
2013-10-03,750.0
2013-10-04,578.0
2013-10-05,792.0
2013-10-06,983.0
2013-10-07,719.0
2013-10-08,621.0
2013-10-09,360.0
2013-10-10,677.0
2013-10-11,239.0
2013-10-12,215.0
2013-10-13,584.0
2013-10-14,603.0
2013-10-15,430.0
2013-10-16,570.0
2013-10-17,647.0
2013-10-18,744.0
2013-10-19,828.0
2013-10-20,1142.0
2013-10-21,695.0
2013-10-22,826.0
2013-10-23,526.0
2013-10-24,713.0
2013-10-25,495.0
2013-10-26,881.0
2013-10-27,820.0
2013-10-28,994.0
2013-10-29,704.0
2013-10-30,716.0
2013-10-31,638.0
2013-11-01,543.0
2013-11-02,727.0
2013-11-03,641.0
2013-11-04,810.0
2013-11-05,693.0
2013-11-06,663.0
2013-11-07,517.0
2013-11-08,603.0
2013-11-09,950.0
2013-11-10,752.0
2013-11-11,642.0
2013-11-12,900.0
2013-11-13,872.0
2013-11-14,857.0
2013-11-15,821.0
2013-11-16,1013.0
2013-11-17,926.0
2013-11-18,876.0
2013-11-19,912.0
2013-11-20,876.0
2013-11-21,772.0
2013-11-22,804.0
2013-11-23,1112.0
2013-11-24,1054.0
2013-11-25,892.0
2013-11-26,696.0
2013-11-27,713.0
2013-11-28,516.0
2013-11-29,627.0
2013-11-30,580.0
2013-12-01,801.0
2013-12-02,923.0
2013-12-03,739.0
2013-12-04,244.0
2013-12-05,257.0
2013-12-06,798.0
2013-12-07,670.0
2013-12-08,791.0
2013-12-09,778.0
2013-12-10,852.0
2013-12-11,724.0
2013-12-12,886.0
2013-12-13,754.0
2013-12-14,904.0
2013-12-15,824.0
2013-12-16,819.0
2013-12-17,947.0
2013-12-18,738.0
2013-12-19,626.0
2013-12-20,704.0
2013-12-21,769.0
2013-12-22,563.0
2013-12-23,720.0
2013-12-24,652.0
2013-12-25,204.0
2013-12-26,462.0
2013-12-27,736.0
2013-12-28,754.0
2013-12-29,342.0
2013-12-30,501.0
2013-12-31,712.0
2014-01-01,559.0
2014-01-02,985.0
2014-01-03,667.0
2014-01-04,709.0
2014-01-05,563.0
2014-01-06,926.0
2014-01-07,995.0
2014-01-08,741.0
2014-01-09,620.0
2014-01-10,853.0
2014-01-11,826.0
2014-01-12,816.0
2014-01-13,672.0
2014-01-14,819.0
2014-01-15,931.0
2014-01-16,745.0
2014-01-17,493.0
2014-01-18,1122.0
2014-01-19,624.0
2014-01-20,448.0
2014-01-21,282.0
2014-01-22,642.0
2014-01-23,672.0
2014-01-24,725.0
2014-01-25,918.0
2014-01-26,439.0
2014-01-27,952.0
2014-01-28,839.0
2014-01-29,1030.0
2014-01-30,790.0
2014-01-31,886.0
2014-02-01,1034.0
2014-02-02,1270.0
2014-02-03,988.0
2014-02-04,996.0
2014-02-05,881.0
2014-02-06,896.0
2014-02-07,382.0
2014-02-08,897.0
2014-02-09,821.0
2014-02-10,888.0
2014-02-11,861.0
2014-02-12,856.0
2014-02-13,708.0
2014-02-14,704.0
2014-02-15,968.0
2014-02-16,941.0
2014-02-17,783.0
2014-02-18,1043.0
2014-02-19,760.0
2014-02-20,840.0
2014-02-21,796.0
2014-02-22,652.0
2014-02-23,778.0
2014-02-24,825.0
2014-02-25,973.0
2014-02-26,980.0
2014-02-27,967.0
2014-02-28,785.0
2014-03-01,745.0
2014-03-02,916.0
2014-03-03,649.0
2014-03-04,652.0
2014-03-05,707.0
2014-03-06,886.0
2014-03-07,915.0
2014-03-08,911.0
2014-03-09,519.0
2014-03-10,866.0
2014-03-11,935.0
2014-03-12,909.0
2014-03-13,891.0
2014-03-14,586.0
2014-03-15,827.0
2014-03-16,806.0
2014-03-17,796.0
2014-03-18,919.0
2014-03-19,856.0
2014-03-20,914.0
2014-03-21,793.0
2014-03-22,805.0
2014-03-23,769.0
2014-03-24,797.0
2014-03-25,888.0
2014-03-26,882.0
2014-03-27,733.0
2014-03-28,834.0
2014-03-29,835.0
2014-03-30,942.0
2014-03-31,829.0
2014-04-01,989.0
2014-04-02,934.0
2014-04-03,766.0
2014-04-04,806.0
2014-04-05,1061.0
2014-04-06,1832.0
2014-04-07,821.0
2014-04-08,890.0
2014-04-09,770.0
2014-04-10,817.0
2014-04-11,689.0
2014-04-12,816.0
2014-04-13,973.0
2014-04-14,563.0
2014-04-15,657.0
2014-04-16,571.0
2014-04-17,197.0
2014-04-18,643.0
2014-04-19,515.0
2014-04-20,410.0
2014-04-21,465.0
2014-04-22,567.0
2014-04-23,669.0
2014-04-24,583.0
2014-04-25,742.0
2014-04-26,720.0
2014-04-27,767.0
2014-04-28,562.0
2014-04-29,506.0
2014-04-30,794.0
2014-05-01,750.0
2014-05-02,648.0
2014-05-03,870.0
2014-05-04,955.0
2014-05-05,414.0
2014-05-06,737.0
2014-05-07,681.0
2014-05-08,598.0
2014-05-09,610.0
2014-05-10,726.0
2014-05-11,933.0
2014-05-12,683.0
2014-05-13,806.0
2014-05-14,444.0
2014-05-15,585.0
2014-05-16,748.0
2014-05-17,705.0
2014-05-18,763.0
2014-05-19,689.0
2014-05-20,859.0
2014-05-21,653.0
2014-05-22,613.0
2014-05-23,546.0
2014-05-24,400.0
2014-05-25,538.0
2014-05-26,456.0
2014-05-27,871.0
2014-05-28,714.0
2014-05-29,544.0
2014-05-30,502.0
2014-05-31,824.0
2014-06-01,744.0
2014-06-02,342.0
2014-06-03,699.0
2014-06-04,784.0
2014-06-05,754.0
2014-06-06,645.0
2014-06-07,679.0
2014-06-08,654.0
2014-06-09,355.0
2014-06-10,157.0
2014-06-11,486.0
2014-06-12,656.0
2014-06-13,627.0
2014-06-14,776.0
2014-06-15,790.0
2014-06-16,427.0
2014-06-17,429.0
2014-06-18,520.0
2014-06-19,448.0
2014-06-20,488.0
2014-06-21,589.0
2014-06-22,476.0
2014-06-23,583.0
2014-06-24,682.0
2014-06-25,335.0
2014-06-26,478.0
2014-06-27,421.0
2014-06-28,348.0
2014-06-29,732.0
2014-06-30,201.0
2014-07-01,477.0
2014-07-02,319.0
2014-07-03,350.0
2014-07-04,440.0
2014-07-05,336.0
2014-07-06,633.0
2014-07-07,360.0
2014-07-08,235.0
2014-07-09,141.0
2014-07-10,207.0
2014-07-11,231.0
2014-07-12,74.0
2014-07-13,563.0
2014-07-14,422.0
2014-07-15,651.0
2014-07-16,617.0
2014-07-17,604.0
2014-07-18,477.0
2014-07-19,478.0
2014-07-20,357.0
2014-07-21,268.0
2014-07-22,479.0
2014-07-23,572.0
2014-07-24,510.0
2014-07-25,356.0
2014-07-26,659.0
2014-07-27,596.0
2014-07-28,591.0
2014-07-29,683.0
2014-07-30,471.0
2014-07-31,688.0
2014-08-01,498.0
2014-08-02,497.0
2014-08-03,140.0
2014-08-04,531.0
2014-08-05,607.0
2014-08-06,459.0
2014-08-07,530.0
2014-08-08,438.0
2014-08-09,707.0
2014-08-10,609.0
2014-08-11,553.0
2014-08-12,338.0
2014-08-13,428.0
2014-08-14,273.0
2014-08-15,387.0
2014-08-16,490.0
2014-08-17,661.0
2014-08-18,539.0
2014-08-19,469.0
2014-08-20,414.0
2014-08-21,594.0
2014-08-22,602.0
2014-08-23,800.0
2014-08-24,951.0
2014-08-25,596.0
2014-08-26,718.0
2014-08-27,600.0
2014-08-28,481.0
2014-08-29,470.0
2014-08-30,249.0
2014-08-31,120.0
2014-09-01,173.0
2014-09-02,674.0
2014-09-03,676.0
2014-09-04,500.0
2014-09-05,379.0
2014-09-06,512.0
2014-09-07,1089.0
2014-09-08,557.0
2014-09-09,758.0
2014-09-10,704.0
2014-09-11,688.0
2014-09-12,361.0
2014-09-13,456.0
2014-09-14,206.0
2014-09-15,559.0
2014-09-16,472.0
2014-09-17,572.0
2014-09-18,574.0
2014-09-19,430.0
2014-09-20,382.0
2014-09-21,407.0
2014-09-22,270.0
2014-09-23,665.0
2014-09-24,615.0
2014-09-25,589.0
2014-09-26,591.0
2014-09-27,819.0
2014-09-28,473.0
2014-09-29,508.0
2014-09-30,701.0
2014-10-01,814.0
2014-10-02,536.0
2014-10-03,334.0
2014-10-04,175.0
2014-10-05,521.0
2014-10-06,394.0
2014-10-07,482.0
2014-10-08,616.0
2014-10-09,528.0
2014-10-10,696.0
2014-10-11,1025.0
2014-10-12,843.0
2014-10-13,674.0
2014-10-14,898.0
2014-10-15,839.0
2014-10-16,769.0
2014-10-17,614.0
2014-10-18,504.0
2014-10-19,889.0
2014-10-20,667.0
2014-10-21,670.0
2014-10-22,664.0
2014-10-23,634.0
2014-10-24,536.0
2014-10-25,982.0
2014-10-26,615.0
2014-10-27,496.0
2014-10-28,297.0
2014-10-29,364.0
2014-10-30,376.0
2014-10-31,546.0
2014-11-01,739.0
2014-11-02,755.0
2014-11-03,406.0
2014-11-04,767.0
2014-11-05,592.0
2014-11-06,1203.0
2014-11-07,618.0
2014-11-08,1094.0
2014-11-09,1105.0
2014-11-10,745.0
2014-11-11,666.0
2014-11-12,434.0
2014-11-13,395.0
2014-11-14,438.0
2014-11-15,461.0
2014-11-16,632.0
2014-11-17,376.0
2014-11-18,709.0
2014-11-19,718.0
2014-11-20,635.0
2014-11-21,620.0
2014-11-22,667.0
2014-11-23,990.0
2014-11-24,535.0
2014-11-25,734.0
2014-11-26,714.0
2014-11-27,821.0
2014-11-28,368.0
2014-11-29,547.0
2014-11-30,609.0
2014-12-01,505.0
2014-12-02,945.0
2014-12-03,873.0
2014-12-04,805.0
2014-12-05,592.0
2014-12-06,747.0
2014-12-07,809.0
2014-12-08,729.0
2014-12-09,619.0
2014-12-10,653.0
2014-12-11,531.0
2014-12-12,658.0
2014-12-13,721.0
2014-12-14,138.0
2014-12-15,621.0
2014-12-16,538.0
2014-12-17,272.0
2014-12-18,569.0
2014-12-19,860.0
2014-12-20,622.0
2014-12-21,746.0
2014-12-22,758.0
2014-12-23,837.0
2014-12-24,418.0
2014-12-25,482.0
2014-12-26,698.0
2014-12-27,895.0
2014-12-28,863.0
2014-12-29,762.0
2014-12-30,652.0
2014-12-31,417.0
2015-01-01,636.0
2015-01-02,833.0
2015-01-03,765.0
2015-01-04,1005.0
2015-01-05,852.0
2015-01-06,1099.0
2015-01-07,913.0
2015-01-08,865.0
2015-01-09,736.0
2015-01-10,870.0
2015-01-11,1081.0
2015-01-12,861.0
2015-01-13,1119.0
2015-01-14,997.0
2015-01-15,1049.0
2015-01-16,955.0
2015-01-17,1016.0
2015-01-18,713.0
2015-01-19,907.0
2015-01-20,1088.0
2015-01-21,982.0
2015-01-22,885.0
2015-01-23,858.0
2015-01-24,969.0
2015-01-25,915.0
2015-01-26,1008.0
2015-01-27,981.0
2015-01-28,1078.0
2015-01-29,1057.0
2015-01-30,864.0
2015-01-31,597.0
2015-02-01,701.0
2015-02-02,851.0
2015-02-03,1016.0
2015-02-04,703.0
2015-02-05,758.0
2015-02-06,390.0
2015-02-07,884.0
2015-02-08,1092.0
2015-02-09,821.0
2015-02-10,1022.0
2015-02-11,1021.0
2015-02-12,925.0
2015-02-13,836.0
2015-02-14,1046.0
2015-02-15,1084.0
2015-02-16,854.0
2015-02-17,1013.0
2015-02-18,964.0
2015-02-19,1035.0
2015-02-20,764.0
2015-02-21,839.0
2015-02-22,724.0
2015-02-23,749.0
2015-02-24,951.0
2015-02-25,1031.0
2015-02-26,1053.0
2015-02-27,889.0
2015-02-28,1077.0
2015-03-01,1158.0
2015-03-02,972.0
2015-03-03,1000.0
2015-03-04,947.0
2015-03-05,998.0
2015-03-06,772.0
2015-03-07,680.0
2015-03-08,415.0
2015-03-09,814.0
2015-03-10,1043.0
2015-03-11,1048.0
2015-03-12,909.0
2015-03-13,803.0
2015-03-14,1054.0
2015-03-15,481.0
2015-03-16,301.0
2015-03-17,908.0
2015-03-18,844.0
2015-03-19,902.0
2015-03-20,828.0
2015-03-21,819.0
2015-03-22,942.0
2015-03-23,790.0
2015-03-24,702.0
2015-03-25,921.0
2015-03-26,728.0
2015-03-27,680.0
2015-03-28,734.0
2015-03-29,625.0
2015-03-30,762.0
2015-03-31,912.0
2015-04-01,543.0
2015-04-02,868.0
2015-04-03,993.0
2015-04-04,956.0
2015-04-05,615.0
2015-04-06,980.0
2015-04-07,884.0
2015-04-08,956.0
2015-04-09,744.0
2015-04-10,548.0
2015-04-11,852.0
2015-04-12,1006.0
2015-04-13,411.0
2015-04-14,397.0
2015-04-15,541.0
2015-04-16,808.0
2015-04-17,669.0
2015-04-18,331.0
2015-04-19,1047.0
2015-04-20,764.0
2015-04-21,972.0
2015-04-22,843.0
2015-04-23,764.0
2015-04-24,729.0
2015-04-25,675.0
2015-04-26,719.0
2015-04-27,133.0
2015-04-28,550.0
2015-04-29,601.0
2015-04-30,492.0
2015-05-01,818.0
2015-05-02,842.0
2015-05-03,870.0
2015-05-04,783.0
2015-05-05,782.0
2015-05-06,817.0
2015-05-07,673.0
2015-05-08,306.0
2015-05-09,649.0
2015-05-10,849.0
2015-05-11,751.0
2015-05-12,471.0
2015-05-13,753.0
2015-05-14,525.0
2015-05-15,487.0
2015-05-16,662.0
2015-05-17,613.0
2015-05-18,603.0
2015-05-19,646.0
2015-05-20,784.0
2015-05-21,623.0
2015-05-22,1092.0
2015-05-23,84.0
2015-05-24,255.0
2015-05-25,300.0
2015-05-26,424.0
2015-05-27,626.0
2015-05-28,771.0
2015-05-29,640.0
2015-05-30,765.0
2015-05-31,185.0
2015-06-01,639.0
2015-06-02,384.0
2015-06-03,433.0
2015-06-04,340.0
2015-06-05,502.0
2015-06-06,702.0
2015-06-07,693.0
2015-06-08,689.0
2015-06-09,710.0
2015-06-10,702.0
2015-06-11,569.0
2015-06-12,560.0
2015-06-13,347.0
2015-06-14,388.0
2015-06-15,457.0
2015-06-16,686.0
2015-06-17,635.0
2015-06-18,531.0
2015-06-19,581.0
2015-06-20,268.0
2015-06-21,627.0
2015-06-22,554.0
2015-06-23,682.0
2015-06-24,603.0
2015-06-25,563.0
2015-06-26,531.0
2015-06-27,391.0
2015-06-28,632.0
2015-06-29,420.0
2015-06-30,529.0
2015-07-01,589.0
2015-07-02,629.0
2015-07-03,426.0
2015-07-04,246.0
2015-07-05,471.0
2015-07-06,436.0
2015-07-07,300.0
2015-07-08,492.0
2015-07-09,530.0
2015-07-10,490.0
2015-07-11,613.0
2015-07-12,813.0
2015-07-13,599.0
2015-07-14,498.0
2015-07-15,269.0
2015-07-16,499.0
2015-07-17,566.0
2015-07-18,206.0
2015-07-19,442.0
2015-07-20,443.0
2015-07-21,695.0
2015-07-22,726.0
2015-07-23,708.0
2015-07-24,594.0
2015-07-25,671.0
2015-07-26,359.0
2015-07-27,355.0
2015-07-28,527.0
2015-07-29,387.0
2015-07-30,731.0
2015-07-31,535.0
2015-08-01,586.0
2015-08-02,537.0
2015-08-03,604.0
2015-08-04,661.0
2015-08-05,289.0
2015-08-06,504.0
2015-08-07,476.0
2015-08-08,366.0
2015-08-09,511.0
2015-08-10,519.0
2015-08-11,686.0
2015-08-12,709.0
2015-08-13,714.0
2015-08-14,368.0
2015-08-15,248.0
2015-08-16,725.0
2015-08-17,706.0
2015-08-18,525.0
2015-08-19,416.0
2015-08-20,499.0
2015-08-21,740.0
2015-08-22,577.0
2015-08-23,902.0
2015-08-24,667.0
2015-08-25,402.0
2015-08-26,660.0
2015-08-27,712.0
2015-08-28,700.0
2015-08-29,602.0
2015-08-30,207.0
2015-08-31,284.0
2015-09-01,329.0
2015-09-02,681.0
2015-09-03,393.0
2015-09-04,462.0
2015-09-05,516.0
2015-09-06,294.0
2015-09-07,459.0
2015-09-08,672.0
2015-09-09,734.0
2015-09-10,430.0
2015-09-11,351.0
2015-09-12,715.0
2015-09-13,594.0
2015-09-14,663.0
2015-09-15,663.0
2015-09-16,635.0
2015-09-17,680.0
2015-09-18,444.0
2015-09-19,683.0
2015-09-20,561.0
2015-09-21,479.0
2015-09-22,566.0
2015-09-23,494.0
2015-09-24,623.0
2015-09-25,587.0
2015-09-26,974.0
2015-09-27,962.0
2015-09-28,463.0
2015-09-29,972.0
2015-09-30,890.0
2015-10-01,856.0
2015-10-02,363.0
2015-10-03,417.0
2015-10-04,667.0
2015-10-05,548.0
2015-10-06,972.0
2015-10-07,800.0
2015-10-08,549.0
2015-10-09,878.0
2015-10-10,586.0
2015-10-11,636.0
2015-10-12,699.0
2015-10-13,766.0
2015-10-14,644.0
2015-10-15,751.0
2015-10-16,615.0
2015-10-17,649.0
2015-10-18,669.0
2015-10-19,570.0
2015-10-20,710.0
2015-10-21,682.0
2015-10-22,595.0
2015-10-23,620.0
2015-10-24,339.0
2015-10-25,734.0
2015-10-26,1086.0
2015-10-27,755.0
2015-10-28,815.0
2015-10-29,595.0
2015-10-30,596.0
2015-10-31,919.0
2015-11-01,719.0
2015-11-02,735.0
2015-11-03,843.0
2015-11-04,413.0
2015-11-05,885.0
2015-11-06,920.0
2015-11-07,1093.0
2015-11-08,1076.0
2015-11-09,819.0
2015-11-10,1028.0
2015-11-11,863.0
2015-11-12,823.0
2015-11-13,816.0
2015-11-14,1054.0
2015-11-15,663.0
2015-11-16,290.0
2015-11-17,770.0
2015-11-18,666.0
2015-11-19,527.0
2015-11-20,510.0
2015-11-21,311.0
2015-11-22,557.0
2015-11-23,920.0
2015-11-24,1094.0
2015-11-25,801.0
2015-11-26,976.0
2015-11-27,730.0
2015-11-28,401.0
2015-11-29,981.0
2015-11-30,772.0
2015-12-01,931.0
2015-12-02,864.0
2015-12-03,987.0
2015-12-04,728.0
2015-12-05,1291.0
2015-12-06,932.0
2015-12-07,741.0
2015-12-08,777.0
2015-12-09,724.0
2015-12-10,760.0
2015-12-11,502.0
2015-12-12,833.0
2015-12-13,473.0
2015-12-14,829.0
2015-12-15,874.0
2015-12-16,734.0
2015-12-17,798.0
2015-12-18,703.0
2015-12-19,725.0
2015-12-20,859.0
2015-12-21,807.0
2015-12-22,878.0
2015-12-23,807.0
2015-12-24,762.0
2015-12-25,571.0
2015-12-26,764.0
2015-12-27,810.0
2015-12-28,795.0
2015-12-29,797.0
2015-12-30,772.0
2015-12-31,838.0
2016-01-01,349.0
2016-01-02,126.0
2016-01-03,674.0
2016-01-04,887.0
2016-01-05,848.0
2016-01-06,837.0
2016-01-07,719.0
2016-01-08,234.0
2016-01-09,774.0
2016-01-10,749.0
2016-01-11,1011.0
2016-01-12,604.0
2016-01-13,1140.0
2016-01-14,1131.0
2016-01-15,998.0
2016-01-16,1009.0
2016-01-17,1017.0
2016-01-18,540.0
2016-01-19,1079.0
2016-01-20,1156.0
2016-01-21,1106.0
2016-01-22,899.0
2016-01-23,1036.0
2016-01-24,1292.0
2016-01-25,1070.0
2016-01-26,1132.0
2016-01-27,813.0
2016-01-28,930.0
2016-01-29,857.0
2016-01-30,1022.0
2016-01-31,917.0
2016-02-01,938.0
2016-02-02,1053.0
2016-02-03,1052.0
2016-02-04,898.0
2016-02-05,618.0
2016-02-06,375.0
2016-02-07,1067.0
2016-02-08,1235.0
2016-02-09,990.0
2016-02-10,1091.0
2016-02-11,1060.0
2016-02-12,1031.0
2016-02-13,1059.0
2016-02-14,1177.0
2016-02-15,818.0
2016-02-16,777.0
2016-02-17,420.0
2016-02-18,512.0
2016-02-19,1063.0
2016-02-20,1028.0
2016-02-21,1020.0
2016-02-22,1012.0
2016-02-23,1173.0
2016-02-24,1099.0
2016-02-25,1104.0
2016-02-26,1099.0
2016-02-27,951.0
2016-02-28,661.0
2016-02-29,541.0
2016-03-01,615.0
2016-03-02,1092.0
2016-03-03,1107.0
2016-03-04,1029.0
2016-03-05,1049.0
2016-03-06,560.0
2016-03-07,821.0
2016-03-08,1001.0
2016-03-09,950.0
2016-03-10,983.0
2016-03-11,781.0
2016-03-12,903.0
2016-03-13,1042.0
2016-03-14,946.0
2016-03-15,1053.0
2016-03-16,907.0
2016-03-17,800.0
2016-03-18,645.0
2016-03-19,684.0
2016-03-20,613.0
2016-03-21,867.0
2016-03-22,855.0
2016-03-23,374.0
2016-03-24,346.0
2016-03-25,910.0
2016-03-26,714.0
2016-03-27,880.0
2016-03-28,881.0
2016-03-29,967.0
2016-03-30,1004.0
2016-03-31,859.0
2016-04-01,556.0
2016-04-02,508.0
2016-04-03,963.0
2016-04-04,914.0
2016-04-05,1088.0
2016-04-06,1024.0
2016-04-07,863.0
2016-04-08,750.0
2016-04-09,754.0
2016-04-10,586.0
2016-04-11,746.0
2016-04-12,897.0
2016-04-13,841.0
2016-04-14,930.0
2016-04-15,929.0
2016-04-16,770.0
2016-04-17,235.0
2016-04-18,761.0
2016-04-19,1082.0
2016-04-20,947.0
2016-04-21,1001.0
2016-04-22,824.0
2016-04-23,966.0
2016-04-24,204.0
2016-04-25,903.0
2016-04-26,716.0
2016-04-27,931.0
2016-04-28,842.0
2016-04-29,722.0
2016-04-30,837.0
2016-05-01,880.0
2016-05-02,935.0
2016-05-03,1057.0
2016-05-04,902.0
2016-05-05,752.0
2016-05-06,664.0
2016-05-07,925.0
2016-05-08,922.0
2016-05-09,869.0
2016-05-10,929.0
2016-05-11,730.0
2016-05-12,727.0
2016-05-13,758.0
2016-05-14,851.0
2016-05-15,909.0
2016-05-16,692.0
2016-05-17,664.0
2016-05-18,688.0
2016-05-19,705.0
2016-05-20,790.0
2016-05-21,256.0
2016-05-22,655.0
2016-05-23,425.0
2016-05-24,575.0
2016-05-25,565.0
2016-05-26,612.0
2016-05-27,634.0
2016-05-28,374.0
2016-05-29,333.0
2016-05-30,540.0
2016-05-31,535.0
2016-06-01,703.0
2016-06-02,758.0
2016-06-03,723.0
2016-06-04,745.0
2016-06-05,860.0
2016-06-06,844.0
2016-06-07,571.0
2016-06-08,623.0
2016-06-09,417.0
2016-06-10,434.0
2016-06-11,700.0
2016-06-12,675.0
2016-06-13,663.0
2016-06-14,716.0
2016-06-15,692.0
2016-06-16,681.0
2016-06-17,641.0
2016-06-18,559.0
2016-06-19,707.0
2016-06-20,649.0
2016-06-21,699.0
2016-06-22,342.0
2016-06-23,386.0
2016-06-24,626.0
2016-06-25,214.0
2016-06-26,273.0
2016-06-27,368.0
2016-06-28,695.0
2016-06-29,334.0
2016-06-30,504.0
2016-07-01,765.0
2016-07-02,852.0
2016-07-03,842.0
2016-07-04,645.0
2016-07-05,690.0
2016-07-06,696.0
2016-07-07,419.0
2016-07-08,461.0
2016-07-09,519.0
2016-07-10,704.0
2016-07-11,609.0
2016-07-12,838.0
2016-07-13,627.0
2016-07-14,392.0
2016-07-15,480.0
2016-07-16,388.0
2016-07-17,370.0
2016-07-18,414.0
2016-07-19,577.0
2016-07-20,411.0
2016-07-21,612.0
2016-07-22,578.0
2016-07-23,478.0
2016-07-24,334.0
2016-07-25,523.0
2016-07-26,720.0
2016-07-27,532.0
2016-07-28,501.0
2016-07-29,596.0
2016-07-30,579.0
2016-07-31,581.0
2016-08-01,505.0
2016-08-02,686.0
2016-08-03,696.0
2016-08-04,453.0
2016-08-05,587.0
2016-08-06,329.0
2016-08-07,604.0
2016-08-08,597.0
2016-08-09,666.0
2016-08-10,362.0
2016-08-11,553.0
2016-08-12,647.0
2016-08-13,454.0
2016-08-14,948.0
2016-08-15,680.0
2016-08-16,929.0
2016-08-17,865.0
2016-08-18,789.0
2016-08-19,657.0
2016-08-20,780.0
2016-08-21,840.0
2016-08-22,615.0
2016-08-23,751.0
2016-08-24,566.0
2016-08-25,248.0
2016-08-26,429.0
2016-08-27,355.0
2016-08-28,1131.0
2016-08-29,445.0
2016-08-30,731.0
2016-08-31,783.0
2016-09-01,672.0
2016-09-02,596.0
2016-09-03,648.0
2016-09-04,578.0
2016-09-05,511.0
2016-09-06,764.0
2016-09-07,629.0
2016-09-08,356.0
2016-09-09,608.0
2016-09-10,848.0
2016-09-11,1126.0
2016-09-12,720.0
2016-09-13,809.0
2016-09-14,876.0
2016-09-15,412.0
2016-09-16,594.0
2016-09-17,257.0
2016-09-18,313.0
2016-09-19,726.0
2016-09-20,695.0
2016-09-21,456.0
2016-09-22,734.0
2016-09-23,627.0
2016-09-24,483.0
2016-09-25,157.0
2016-09-26,581.0
2016-09-27,852.0
2016-09-28,502.0
2016-09-29,707.0
2016-09-30,618.0
2016-10-01,413.0
2016-10-02,339.0
2016-10-03,520.0
2016-10-04,893.0
2016-10-05,720.0
2016-10-06,463.0
2016-10-07,371.0
2016-10-08,997.0
2016-10-09,462.0
2016-10-10,640.0
2016-10-11,1011.0
2016-10-12,607.0
2016-10-13,992.0
2016-10-14,580.0
2016-10-15,466.0
2016-10-16,810.0
2016-10-17,891.0
2016-10-18,937.0
2016-10-19,861.0
2016-10-20,760.0
2016-10-21,648.0
2016-10-22,983.0
2016-10-23,1219.0
2016-10-24,853.0
2016-10-25,461.0
2016-10-26,643.0
2016-10-27,824.0
2016-10-28,766.0
2016-10-29,805.0
2016-10-30,723.0
2016-10-31,791.0
2016-11-01,945.0
2016-11-02,691.0
2016-11-03,874.0
2016-11-04,583.0
2016-11-05,792.0
2016-11-06,818.0
2016-11-07,457.0
2016-11-08,530.0
2016-11-09,982.0
2016-11-10,804.0
2016-11-11,733.0
2016-11-12,533.0
2016-11-13,799.0
2016-11-14,889.0
2016-11-15,479.0
2016-11-16,674.0
2016-11-17,518.0
2016-11-18,805.0
2016-11-19,473.0
2016-11-20,816.0
2016-11-21,927.0
2016-11-22,1091.0
2016-11-23,974.0
2016-11-24,1016.0
2016-11-25,493.0
2016-11-26,846.0
2016-11-27,512.0
2016-11-28,661.0
2016-11-29,862.0
2016-11-30,739.0
2016-12-01,1070.0
2016-12-02,714.0
2016-12-03,949.0
2016-12-04,1054.0
2016-12-05,972.0
2016-12-06,1220.0
2016-12-07,907.0
2016-12-08,419.0
2016-12-09,823.0
2016-12-10,452.0
2016-12-11,501.0
2016-12-12,622.0
2016-12-13,919.0
2016-12-14,804.0
2016-12-15,727.0
2016-12-16,711.0
2016-12-17,874.0
2016-12-18,934.0
2016-12-19,742.0
2016-12-20,1385.0
2016-12-21,1040.0
2016-12-22,843.0
2016-12-23,522.0
2016-12-24,456.0
2016-12-25,380.0
2016-12-26,737.0
2016-12-27,1030.0
2016-12-28,619.0
2016-12-29,632.0
2016-12-30,917.0
2016-12-31,788.0
2017-01-01,910.0
2017-01-02,637.0
2017-01-03,515.0
2017-01-04,535.0
2017-01-05,979.0
2017-01-06,937.0
2017-01-07,997.0
2017-01-08,701.0
2017-01-09,784.0
2017-01-10,876.0
2017-01-11,963.0
2017-01-12,1070.0
2017-01-13,718.0
2017-01-14,1146.0
2017-01-15,843.0
2017-01-16,969.0
2017-01-17,1097.0
2017-01-18,982.0
2017-01-19,704.0
2017-01-20,850.0
2017-01-21,897.0
2017-01-22,344.0
2017-01-23,780.0
2017-01-24,1238.0
2017-01-25,863.0
2017-01-26,987.0
2017-01-27,1016.0
2017-01-28,949.0
2017-01-29,1108.0
2017-01-30,1292.0
2017-01-31,1082.0
2017-02-01,1618.0
2017-02-02,1088.0
2017-02-03,735.0
2017-02-04,1153.0
2017-02-05,1118.0
2017-02-06,1428.0
2017-02-07,1087.0
2017-02-08,915.0
2017-02-09,968.0
2017-02-10,1048.0
2017-02-11,1085.0
2017-02-12,946.0
2017-02-13,776.0
2017-02-14,713.0
2017-02-15,969.0
2017-02-16,435.0
2017-02-17,411.0
2017-02-18,894.0
2017-02-19,1042.0
2017-02-20,1065.0
2017-02-21,1236.0
2017-02-22,1126.0
2017-02-23,1110.0
2017-02-24,931.0
2017-02-25,1070.0
2017-02-26,1088.0
2017-02-27,1152.0
2017-02-28,1236.0
2017-03-01,986.0
2017-03-02,1102.0
2017-03-03,1053.0
2017-03-04,935.0
2017-03-05,566.0
2017-03-06,1168.0
2017-03-07,900.0
2017-03-08,415.0
2017-03-09,606.0
2017-03-10,477.0
2017-03-11,323.0
2017-03-12,246.0
2017-03-13,888.0
2017-03-14,1079.0
2017-03-15,1041.0
2017-03-16,1171.0
2017-03-17,922.0
2017-03-18,976.0
2017-03-19,1198.0
2017-03-20,1017.0
2017-03-21,972.0
2017-03-22,976.0
2017-03-23,968.0
2017-03-24,952.0
2017-03-25,827.0
2017-03-26,534.0
2017-03-27,692.0
2017-03-28,1062.0
2017-03-29,406.0
2017-03-30,1027.0
2017-03-31,1052.0
2017-04-01,1007.0
2017-04-02,784.0
2017-04-03,932.0
2017-04-04,495.0
2017-04-05,425.0
2017-04-06,844.0
2017-04-07,805.0
2017-04-08,1039.0
2017-04-09,1037.0
2017-04-10,1084.0
2017-04-11,936.0
2017-04-12,504.0
2017-04-13,313.0
2017-04-14,859.0
2017-04-15,654.0
2017-04-16,899.0
2017-04-17,881.0
2017-04-18,905.0
2017-04-19,1036.0
2017-04-20,919.0
2017-04-21,759.0
2017-04-22,744.0
2017-04-23,1063.0
2017-04-24,836.0
2017-04-25,1495.0
2017-04-26,999.0
2017-04-27,1080.0
2017-04-28,1001.0
2017-04-29,246.0
2017-04-30,362.0
2017-05-01,831.0
2017-05-02,1007.0
2017-05-03,856.0
2017-05-04,708.0
2017-05-05,723.0
2017-05-06,903.0
2017-05-07,1024.0
2017-05-08,879.0
2017-05-09,926.0
2017-05-10,807.0
2017-05-11,499.0
2017-05-12,330.0
2017-05-13,843.0
2017-05-14,987.0
2017-05-15,805.0
2017-05-16,820.0
2017-05-17,382.0
2017-05-18,456.0
2017-05-19,601.0
2017-05-20,320.0
2017-05-21,932.0
2017-05-22,809.0
2017-05-23,874.0
2017-05-24,715.0
2017-05-25,731.0
2017-05-26,680.0
2017-05-27,545.0
2017-05-28,869.0
2017-05-29,845.0
2017-05-30,869.0
2017-05-31,698.0
2017-06-01,789.0
2017-06-02,408.0
2017-06-03,424.0
2017-06-04,954.0
2017-06-05,673.0
2017-06-06,753.0
2017-06-07,726.0
2017-06-08,784.0
2017-06-09,766.0
2017-06-10,641.0
2017-06-11,999.0
2017-06-12,699.0
2017-06-13,654.0
2017-06-14,522.0
2017-06-15,738.0
2017-06-16,616.0
2017-06-17,826.0
2017-06-18,720.0
2017-06-19,650.0
2017-06-20,862.0
2017-06-21,645.0
2017-06-22,312.0
2017-06-23,377.0
2017-06-24,301.0
2017-06-25,570.0
2017-06-26,696.0
2017-06-27,787.0
2017-06-28,763.0
2017-06-29,754.0
2017-06-30,643.0
2017-07-01,146.0
2017-07-02,450.0
2017-07-03,450.0
2017-07-04,807.0
2017-07-05,612.0
2017-07-06,480.0
2017-07-07,489.0
2017-07-08,479.0
2017-07-09,291.0
2017-07-10,676.0
2017-07-11,649.0
2017-07-12,450.0
2017-07-13,373.0
2017-07-14,342.0
2017-07-15,776.0
2017-07-16,708.0
2017-07-17,656.0
2017-07-18,699.0
2017-07-19,632.0
2017-07-20,408.0
2017-07-21,252.0
2017-07-22,138.0
2017-07-23,702.0
2017-07-24,589.0
2017-07-25,605.0
2017-07-26,767.0
2017-07-27,534.0
2017-07-28,492.0
2017-07-29,761.0
2017-07-30,836.0
2017-07-31,779.0
2017-08-01,738.0
2017-08-02,517.0
2017-08-03,476.0
2017-08-04,675.0
2017-08-05,778.0
2017-08-06,528.0
2017-08-07,577.0
2017-08-08,673.0
2017-08-09,263.0
2017-08-10,611.0
2017-08-11,473.0
2017-08-12,460.0
2017-08-13,952.0
2017-08-14,655.0
2017-08-15,683.0
2017-08-16,777.0
2017-08-17,573.0
2017-08-18,591.0
2017-08-19,477.0
2017-08-20,572.0
2017-08-21,751.0
2017-08-22,837.0
2017-08-23,839.0
2017-08-24,780.0
2017-08-25,829.0
2017-08-26,779.0
2017-08-27,265.0
2017-08-28,522.0
2017-08-29,875.0
2017-08-30,546.0
2017-08-31,714.0
2017-09-01,692.0
2017-09-02,223.0
2017-09-03,770.0
2017-09-04,819.0
2017-09-05,574.0
2017-09-06,207.0
2017-09-07,432.0
2017-09-08,627.0
2017-09-09,186.0
2017-09-10,879.0
2017-09-11,845.0
2017-09-12,775.0
2017-09-13,697.0
2017-09-14,742.0
2017-09-15,1280.0
2017-09-16,482.0
2017-09-17,973.0
2017-09-18,651.0
2017-09-19,813.0
2017-09-20,944.0
2017-09-21,695.0
2017-09-22,748.0
2017-09-23,1239.0
2017-09-24,1089.0
2017-09-25,968.0
2017-09-26,1100.0
2017-09-27,827.0
2017-09-28,829.0
2017-09-29,766.0
2017-09-30,706.0
2017-10-01,276.0
2017-10-02,430.0
2017-10-03,793.0
2017-10-04,879.0
2017-10-05,1362.0
2017-10-06,752.0
2017-10-07,1099.0
2017-10-08,801.0
2017-10-09,1324.0
2017-10-10,1013.0
2017-10-11,836.0
2017-10-12,924.0
2017-10-13,735.0
2017-10-14,1044.0
2017-10-15,835.0
2017-10-16,714.0
2017-10-17,789.0
2017-10-18,828.0
2017-10-19,870.0
2017-10-20,671.0
2017-10-21,597.0
2017-10-22,344.0
2017-10-23,273.0
2017-10-24,790.0
2017-10-25,800.0
2017-10-26,740.0
2017-10-27,626.0
2017-10-28,480.0
2017-10-29,775.0
2017-10-30,799.0
2017-10-31,1018.0
2017-11-01,915.0
2017-11-02,813.0
2017-11-03,519.0
2017-11-04,470.0
2017-11-05,1085.0
2017-11-06,1099.0
2017-11-07,969.0
2017-11-08,556.0
2017-11-09,952.0
2017-11-10,789.0
2017-11-11,712.0
2017-11-12,1373.0
2017-11-13,1054.0
2017-11-14,1064.0
2017-11-15,1004.0
2017-11-16,1013.0
2017-11-17,978.0
2017-11-18,714.0
2017-11-19,564.0
2017-11-20,1120.0
2017-11-21,1314.0
2017-11-22,1121.0
2017-11-23,1182.0
2017-11-24,950.0
2017-11-25,988.0
2017-11-26,1021.0
2017-11-27,1119.0
2017-11-28,1178.0
2017-11-29,1153.0
2017-11-30,926.0
2017-12-01,1007.0
2017-12-02,1125.0
2017-12-03,1181.0
2017-12-04,1243.0
2017-12-05,1143.0
2017-12-06,1157.0
2017-12-07,1154.0
2017-12-08,1083.0
2017-12-09,1010.0
2017-12-10,781.0
2017-12-11,1064.0
2017-12-12,1154.0
2017-12-13,1043.0
2017-12-14,937.0
2017-12-15,989.0
2017-12-16,911.0
2017-12-17,1098.0
2017-12-18,876.0
2017-12-19,1012.0
2017-12-20,669.0
2017-12-21,1087.0
2017-12-22,691.0
2017-12-23,742.0
2017-12-24,778.0
2017-12-25,596.0
2017-12-26,459.0
2017-12-27,838.0
2017-12-28,940.0
2017-12-29,811.0
2017-12-30,960.0
2017-12-31,914.0
2018-01-01,522.0
2018-01-02,1179.0
2018-01-03,1000.0
2018-01-04,231.0
2018-01-05,95.0
2018-01-06,613.0
2018-01-07,1356.0
2018-01-08,1195.0
2018-01-09,1391.0
2018-01-10,1179.0
2018-01-11,1173.0
2018-01-12,1270.0
2018-01-13,1171.0
2018-01-14,1290.0
2018-01-15,1079.0
2018-01-16,900.0
2018-01-17,565.0
2018-01-18,273.0
2018-01-19,631.0
2018-01-20,1190.0
2018-01-21,1384.0
2018-01-22,566.0
2018-01-23,894.0
2018-01-24,1196.0
2018-01-25,1148.0
2018-01-26,964.0
2018-01-27,1086.0
2018-01-28,1146.0
2018-01-29,1304.0
2018-01-30,1203.0
2018-01-31,1070.0
2018-02-01,343.0
2018-02-02,950.0
2018-02-03,571.0
2018-02-04,768.0
2018-02-05,850.0
2018-02-06,1820.0
2018-02-07,1060.0
2018-02-08,1176.0
2018-02-09,531.0
2018-02-10,266.0
2018-02-11,244.0
2018-02-12,997.0
2018-02-13,611.0
2018-02-14,898.0
2018-02-15,1268.0
2018-02-16,1296.0
2018-02-17,1009.0
2018-02-18,1108.0
2018-02-19,1066.0
2018-02-20,783.0
2018-02-21,1055.0
2018-02-22,985.0
2018-02-23,1039.0
2018-02-24,1149.0
2018-02-25,1412.0
2018-02-26,1147.0
2018-02-27,1019.0
2018-02-28,858.0
2018-03-01,863.0
2018-03-02,720.0
2018-03-03,861.0
2018-03-04,642.0
2018-03-05,1258.0
2018-03-06,1265.0
2018-03-07,885.0
2018-03-08,965.0
2018-03-09,1033.0
2018-03-10,1198.0
2018-03-11,1081.0
2018-03-12,526.0
2018-03-13,761.0
2018-03-14,983.0
2018-03-15,1016.0
2018-03-16,909.0
2018-03-17,835.0
2018-03-18,1084.0
2018-03-19,955.0
2018-03-20,851.0
2018-03-21,1017.0
2018-03-22,1029.0
2018-03-23,733.0
2018-03-24,391.0
2018-03-25,978.0
2018-03-26,1042.0
2018-03-27,1153.0
2018-03-28,885.0
2018-03-29,933.0
2018-03-30,783.0
2018-03-31,848.0
2018-04-01,915.0
2018-04-02,1024.0
2018-04-03,894.0
2018-04-04,980.0
2018-04-05,1014.0
2018-04-06,955.0
2018-04-07,803.0
2018-04-08,941.0
2018-04-09,912.0
2018-04-10,483.0
2018-04-11,309.0
2018-04-12,693.0
2018-04-13,559.0
2018-04-14,162.0
2018-04-15,580.0
2018-04-16,717.0
2018-04-17,1039.0
2018-04-18,671.0
2018-04-19,811.0
2018-04-20,789.0
2018-04-21,791.0
2018-04-22,821.0
2018-04-23,818.0
2018-04-24,849.0
2018-04-25,1335.0
2018-04-26,925.0
2018-04-27,786.0
2018-04-28,127.0
2018-04-29,569.0
2018-04-30,774.0
2018-05-01,933.0
2018-05-02,983.0
2018-05-03,1009.0
2018-05-04,948.0
2018-05-05,864.0
2018-05-06,667.0
2018-05-07,856.0
2018-05-08,1090.0
2018-05-09,949.0
2018-05-10,945.0
2018-05-11,664.0
2018-05-12,306.0
2018-05-13,540.0
2018-05-14,804.0
2018-05-15,951.0
2018-05-16,808.0
2018-05-17,656.0
2018-05-18,768.0
2018-05-19,518.0
2018-05-20,1005.0
2018-05-21,697.0
2018-05-22,712.0
2018-05-23,402.0
2018-05-24,563.0
2018-05-25,419.0
2018-05-26,622.0
2018-05-27,235.0
2018-05-28,709.0
2018-05-29,859.0
2018-05-30,787.0
2018-05-31,749.0
