,Dir(DegT),Speed(m/s)
2011-01-01,217.4,7.62
2011-01-02,189.4,1.8399999999999999
2011-01-03,157.2,0.7200000000000001
2011-01-04,227.4,1.3800000000000001
2011-01-05,65.8,3.0
2011-01-06,39.6,6.88
2011-01-07,159.2,2.5599999999999996
2011-01-08,200.6,5.0600000000000005
2011-01-09,114.0,2.88
2011-01-10,138.6,1.8399999999999999
2011-01-11,161.8,0.76
2011-01-12,323.2,3.2
2011-01-13,196.8,3.8
2011-01-14,152.4,0.9
2011-01-15,152.2,1.7
2011-01-16,207.0,1.5
2011-01-17,86.2,1.0399999999999998
2011-01-18,34.4,6.5
2011-01-19,223.0,8.76
2011-01-20,187.8,3.5599999999999996
2011-01-21,122.6,3.6
2011-01-22,151.2,3.44
2011-01-23,141.2,5.08
2011-01-24,269.4,11.74
2011-01-25,210.0,4.0200000000000005
2011-01-26,188.2,1.9600000000000002
2011-01-27,204.8,3.5400000000000005
2011-01-28,80.8,2.52
2011-01-29,228.8,12.16
2011-01-30,222.4,5.720000000000001
2011-01-31,272.4,5.859999999999999
2011-02-01,216.8,4.04
2011-02-02,227.4,4.0600000000000005
2011-02-03,239.0,6.200000000000001
2011-02-04,259.4,5.18
2011-02-05,238.8,4.18
2011-02-06,222.6,3.06
2011-02-07,318.4,1.8800000000000001
2011-02-08,180.4,0.8400000000000001
2011-02-09,209.6,3.4200000000000004
2011-02-10,203.6,4.9799999999999995
2011-02-11,155.6,1.7000000000000004
2011-02-12,63.8,4.24
2011-02-13,58.8,3.0799999999999996
2011-02-14,174.8,1.1600000000000001
2011-02-15,215.4,4.339999999999999
2011-02-16,74.0,2.6000000000000005
2011-02-17,115.0,2.38
2011-02-18,101.2,1.5399999999999998
2011-02-19,175.2,0.8200000000000001
2011-02-20,78.2,1.34
2011-02-21,140.8,1.8
2011-02-22,69.0,2.04
2011-02-23,216.6,4.74
2011-02-24,202.4,5.5200000000000005
2011-02-25,203.6,6.0200000000000005
2011-02-26,207.6,5.48
2011-02-27,211.6,6.4799999999999995
2011-02-28,131.4,1.48
2011-03-01,66.4,1.4000000000000001
2011-03-02,215.0,3.56
2011-03-03,172.0,2.16
2011-03-04,77.2,3.8200000000000003
2011-03-05,83.0,5.2
2011-03-06,217.8,8.48
2011-03-07,159.6,2.4200000000000004
2011-03-08,188.4,1.5799999999999998
2011-03-09,155.6,0.9799999999999999
2011-03-10,114.2,0.8800000000000001
2011-03-11,116.2,0.68
2011-03-12,106.2,0.82
2011-03-13,155.2,0.6599999999999999
2011-03-14,97.2,1.0
2011-03-15,112.0,1.0
2011-03-16,76.2,1.8399999999999999
2011-03-17,68.0,2.06
2011-03-18,199.2,1.6199999999999999
2011-03-19,206.2,2.4
2011-03-20,195.4,0.7
2011-03-21,115.4,2.08
2011-03-22,179.6,4.7
2011-03-23,170.6,1.3599999999999999
2011-03-24,121.0,2.62
2011-03-25,64.0,5.68
2011-03-26,47.2,5.92
2011-03-27,323.8,2.2399999999999998
2011-03-28,207.4,7.5
2011-03-29,174.8,0.82
2011-03-30,175.2,1.06
2011-03-31,144.6,0.8400000000000001
2011-04-01,213.2,2.16
2011-04-02,56.4,0.9799999999999999
2011-04-03,69.8,0.9800000000000001
2011-04-04,280.6,1.52
2011-04-05,264.2,6.0
2011-04-06,228.2,5.859999999999999
2011-04-07,254.4,9.52
2011-04-08,181.4,3.6399999999999997
2011-04-09,125.4,1.0399999999999998
2011-04-10,140.8,0.9
2011-04-11,187.6,0.6
2011-04-12,142.0,1.5
2011-04-13,184.0,0.76
2011-04-14,108.2,0.86
2011-04-15,66.8,1.0
2011-04-16,30.6,5.7
2011-04-17,305.4,1.3199999999999998
2011-04-18,240.8,10.040000000000001
2011-04-19,175.0,1.3399999999999999
2011-04-20,225.4,5.340000000000001
2011-04-21,45.0,0.8
2011-04-22,133.4,0.66
2011-04-23,63.2,2.1399999999999997
2011-04-24,64.8,2.3600000000000003
2011-04-25,60.4,2.56
2011-04-26,157.2,3.2399999999999998
2011-04-27,145.4,1.1600000000000001
2011-04-28,163.8,1.4
2011-04-29,140.2,2.7600000000000002
2011-04-30,90.2,1.1400000000000001
2011-05-01,76.4,5.819999999999999
2011-05-02,61.8,7.359999999999999
2011-05-03,43.0,3.44
2011-05-04,31.8,2.7
2011-05-05,118.8,1.04
2011-05-06,97.4,1.7399999999999998
2011-05-07,105.6,1.42
2011-05-08,211.2,3.7
2011-05-09,69.4,1.06
2011-05-10,145.0,0.5800000000000001
2011-05-11,72.4,2.94
2011-05-12,43.0,1.8399999999999999
2011-05-13,22.4,3.44
2011-05-14,311.2,3.5799999999999996
2011-05-15,12.8,3.6599999999999993
2011-05-16,279.6,8.74
2011-05-17,263.8,8.2
2011-05-18,229.8,8.26
2011-05-19,219.6,6.540000000000001
2011-05-20,258.0,0.9
2011-05-21,230.8,3.1
2011-05-22,289.4,0.9399999999999998
2011-05-23,78.6,0.9400000000000001
2011-05-24,129.8,0.54
2011-05-25,30.0,5.36
2011-05-26,14.8,7.1
2011-05-27,199.0,2.7399999999999998
2011-05-28,229.2,7.0200000000000005
2011-05-29,153.8,1.04
2011-05-30,270.4,3.7599999999999993
2011-05-31,271.6,1.56
2011-06-01,223.0,3.8
2011-06-02,122.6,1.56
2011-06-03,68.4,5.540000000000001
2011-06-04,59.2,7.82
2011-06-05,34.2,1.92
2011-06-06,272.0,1.3199999999999998
2011-06-07,29.6,2.34
2011-06-08,331.8,2.3
2011-06-09,73.8,1.3000000000000003
2011-06-10,41.0,5.619999999999999
2011-06-11,208.8,2.3600000000000003
2011-06-12,175.0,1.3599999999999999
2011-06-13,218.2,5.14
2011-06-14,215.0,2.2800000000000002
2011-06-15,227.6,5.24
2011-06-16,211.2,2.8999999999999995
2011-06-17,84.4,2.62
2011-06-18,46.6,7.340000000000001
2011-06-19,152.2,4.58
2011-06-20,101.2,2.94
2011-06-21,204.2,2.96
2011-06-22,296.8,2.52
2011-06-23,25.0,4.08
2011-06-24,36.6,2.2199999999999998
2011-06-25,219.0,10.42
2011-06-26,234.0,5.76
2011-06-27,128.6,1.04
2011-06-28,340.4,2.06
2011-06-29,123.0,1.42
2011-06-30,151.2,1.1800000000000002
2011-07-01,219.2,0.8400000000000001
2011-07-02,178.2,0.58
2011-07-03,130.8,3.0800000000000005
2011-07-04,154.6,2.96
2011-07-05,221.2,5.46
2011-07-06,285.2,6.62
2011-07-07,273.2,2.6
2011-07-08,254.2,10.379999999999999
2011-07-09,279.8,8.260000000000002
2011-07-10,210.4,3.62
2011-07-11,275.0,4.42
2011-07-12,254.8,11.179999999999998
2011-07-13,298.4,4.659999999999999
2011-07-14,310.2,4.96
2011-07-15,245.0,7.380000000000001
2011-07-16,125.8,2.0
2011-07-17,84.6,0.45999999999999996
2011-07-18,98.8,0.52
2011-07-19,181.6,0.33999999999999997
2011-07-20,106.8,1.56
2011-07-21,89.2,3.8
2011-07-22,116.2,3.88
2011-07-23,87.0,2.08
2011-07-24,209.4,3.02
2011-07-25,256.2,9.98
2011-07-26,73.2,1.5399999999999998
2011-07-27,271.2,2.7
2011-07-28,277.6,2.4400000000000004
2011-07-29,233.6,5.12
2011-07-30,292.8,3.62
2011-07-31,202.0,0.9200000000000002
2011-08-01,157.4,1.26
2011-08-02,125.0,1.5
2011-08-03,173.2,1.48
2011-08-04,172.2,1.64
2011-08-05,221.2,1.8800000000000001
2011-08-06,86.0,1.24
2011-08-07,270.2,9.819999999999999
2011-08-08,235.6,7.2
2011-08-09,300.6,2.04
2011-08-10,81.2,1.2
2011-08-11,155.8,3.5200000000000005
2011-08-12,53.4,1.06
2011-08-13,142.4,0.9
2011-08-14,216.8,8.66
2011-08-15,240.8,16.380000000000003
2011-08-16,61.8,1.98
2011-08-17,123.0,1.3599999999999999
2011-08-18,175.0,0.9400000000000001
2011-08-19,196.6,1.1
2011-08-20,203.0,1.34
2011-08-21,131.2,1.1400000000000001
2011-08-22,164.8,0.7
2011-08-23,224.8,3.3199999999999994
2011-08-24,244.2,2.14
2011-08-25,208.8,1.56
2011-08-26,45.8,0.76
2011-08-27,274.0,1.6199999999999999
2011-08-28,67.6,1.22
2011-08-29,62.8,2.3800000000000003
2011-08-30,25.0,2.38
2011-08-31,228.0,5.1
2011-09-01,242.8,7.359999999999999
2011-09-02,261.0,2.62
2011-09-03,219.0,4.62
2011-09-04,210.4,5.34
2011-09-05,177.8,0.41999999999999993
2011-09-06,84.8,0.9199999999999999
2011-09-07,155.6,0.76
2011-09-08,98.2,0.54
2011-09-09,82.2,1.1400000000000001
2011-09-10,183.2,0.68
2011-09-11,42.4,9.540000000000001
2011-09-12,290.6,6.360000000000001
2011-09-13,232.4,12.1
2011-09-14,250.8,13.780000000000001
2011-09-15,264.0,6.12
2011-09-16,245.2,8.74
2011-09-17,276.6,4.52
2011-09-18,209.0,2.04
2011-09-19,126.8,2.2800000000000002
2011-09-20,207.6,10.4
2011-09-21,149.4,1.44
2011-09-22,205.0,1.92
2011-09-23,179.6,0.7
2011-09-24,150.4,0.9799999999999999
2011-09-25,206.8,2.54
2011-09-26,220.0,6.08
2011-09-27,68.8,0.6199999999999999
2011-09-28,116.6,0.68
2011-09-29,128.2,1.92
2011-09-30,103.6,1.8
2011-10-01,65.2,4.82
2011-10-02,35.0,9.04
2011-10-03,34.8,8.920000000000002
2011-10-04,222.6,1.94
2011-10-05,57.0,3.7
2011-10-06,102.8,1.44
2011-10-07,216.4,5.18
2011-10-08,228.4,4.4799999999999995
2011-10-09,187.2,1.1
2011-10-10,53.4,4.840000000000001
2011-10-11,50.8,3.34
2011-10-12,20.2,6.88
2011-10-13,151.2,1.9
2011-10-14,282.0,4.659999999999999
2011-10-15,271.2,1.7599999999999998
2011-10-16,219.2,3.0799999999999996
2011-10-17,56.0,2.82
2011-10-18,256.0,7.340000000000001
2011-10-19,349.8,5.220000000000001
2011-10-20,192.2,5.18
2011-10-21,237.4,10.34
2011-10-22,231.6,8.32
2011-10-23,212.0,2.54
2011-10-24,141.6,1.3599999999999999
2011-10-25,234.0,2.8
2011-10-26,334.6,1.8599999999999999
2011-10-27,324.6,2.4400000000000004
2011-10-28,43.8,4.380000000000001
2011-10-29,122.0,2.14
2011-10-30,74.2,2.3600000000000003
2011-10-31,98.4,2.66
2011-11-01,58.0,4.4399999999999995
2011-11-02,316.2,4.14
2011-11-03,273.2,5.38
2011-11-04,239.6,7.660000000000001
2011-11-05,229.8,6.180000000000001
2011-11-06,250.4,6.2
2011-11-07,227.8,5.5600000000000005
2011-11-08,228.2,4.5200000000000005
2011-11-09,229.6,6.220000000000001
2011-11-10,239.0,11.940000000000001
2011-11-11,214.8,2.1
2011-11-12,246.2,2.28
2011-11-13,222.4,5.58
2011-11-14,210.2,4.359999999999999
2011-11-15,139.4,1.4
2011-11-16,320.8,4.840000000000001
2011-11-17,225.8,5.540000000000001
2011-11-18,232.8,8.580000000000002
2011-11-19,222.0,9.06
2011-11-20,235.4,7.739999999999999
2011-11-21,271.8,7.9799999999999995
2011-11-22,238.4,6.840000000000001
2011-11-23,210.2,2.0200000000000005
2011-11-24,271.4,11.099999999999998
2011-11-25,229.4,11.24
2011-11-26,235.4,11.139999999999999
2011-11-27,207.6,4.319999999999999
2011-11-28,337.6,2.04
2011-11-29,249.4,6.4799999999999995
2011-11-30,61.4,5.32
2011-12-01,66.6,4.640000000000001
2011-12-02,126.4,2.32
2011-12-03,53.6,4.220000000000001
2011-12-04,41.2,7.419999999999999
2011-12-05,109.0,0.8800000000000001
2011-12-06,141.8,3.6599999999999993
2011-12-07,307.8,6.8
2011-12-08,220.2,5.28
2011-12-09,60.8,1.86
2011-12-10,62.8,5.220000000000001
2011-12-11,64.4,6.340000000000001
2011-12-12,49.8,6.08
2011-12-13,56.6,5.26
2011-12-14,41.6,8.54
2011-12-15,46.0,9.66
2011-12-16,215.2,2.1799999999999997
2011-12-17,324.2,3.66
2011-12-18,138.6,3.4200000000000004
2011-12-19,136.8,2.2600000000000002
2011-12-20,69.4,1.92
2011-12-21,65.6,1.9200000000000004
2011-12-22,90.4,0.9800000000000001
2011-12-23,55.4,3.9200000000000004
2011-12-24,102.0,1.8199999999999998
2011-12-25,224.2,1.26
2011-12-26,95.8,1.7
2011-12-27,77.4,3.0
2011-12-28,64.2,5.18
2011-12-29,48.2,8.4
2011-12-30,45.4,7.42
2011-12-31,14.6,5.380000000000001
2012-01-01,80.6,4.68
2012-01-02,231.2,10.82
2012-01-03,73.2,1.7
2012-01-04,25.8,3.6
2012-01-05,177.6,1.9400000000000002
2012-01-06,95.0,1.3
2012-01-07,140.6,2.72
2012-01-08,191.0,5.619999999999999
2012-01-09,57.0,4.9
2012-01-10,336.2,3.4799999999999995
2012-01-11,339.8,1.64
2012-01-12,200.4,2.4
2012-01-13,305.2,5.779999999999999
2012-01-14,297.4,3.6599999999999993
2012-01-15,313.8,3.5400000000000005
2012-01-16,232.6,5.619999999999999
2012-01-17,103.6,1.6800000000000002
2012-01-18,57.2,2.3600000000000003
2012-01-19,324.2,1.98
2012-01-20,287.2,3.84
2012-01-21,215.4,3.9
2012-01-22,258.2,3.1199999999999997
2012-01-23,187.8,4.9399999999999995
2012-01-24,171.8,2.3600000000000003
2012-01-25,220.0,4.779999999999999
2012-01-26,219.0,2.1
2012-01-27,306.2,4.7
2012-01-28,144.8,2.8
2012-01-29,231.8,8.32
2012-01-30,166.2,2.0200000000000005
2012-01-31,39.6,2.96
2012-02-01,289.4,3.0599999999999996
2012-02-02,210.0,2.44
2012-02-03,43.4,5.760000000000001
2012-02-04,75.0,3.08
2012-02-05,105.0,2.28
2012-02-06,119.4,2.84
2012-02-07,149.0,1.56
2012-02-08,141.2,1.1199999999999999
2012-02-09,321.4,1.6
2012-02-10,286.6,1.34
2012-02-11,276.4,2.18
2012-02-12,153.4,0.6399999999999999
2012-02-13,30.0,1.2399999999999998
2012-02-14,224.0,1.5
2012-02-15,316.2,2.46
2012-02-16,86.4,1.58
2012-02-17,77.6,1.52
2012-02-18,148.6,0.8400000000000001
2012-02-19,113.4,0.8400000000000001
2012-02-20,68.2,1.8799999999999997
2012-02-21,86.0,1.9
2012-02-22,32.0,5.96
2012-02-23,22.6,5.319999999999999
2012-02-24,230.0,5.4799999999999995
2012-02-25,217.4,8.02
2012-02-26,151.6,1.1800000000000002
2012-02-27,128.2,1.5
2012-02-28,168.2,1.9200000000000004
2012-02-29,203.0,1.94
2012-03-01,195.8,8.96
2012-03-02,240.4,6.459999999999999
2012-03-03,259.6,12.2
2012-03-04,170.8,2.2399999999999998
2012-03-05,183.4,0.7000000000000001
2012-03-06,162.4,1.3399999999999999
2012-03-07,136.0,2.86
2012-03-08,144.0,1.86
2012-03-09,162.4,2.1
2012-03-10,106.2,1.2
2012-03-11,52.4,4.08
2012-03-12,200.6,4.720000000000001
2012-03-13,210.2,7.8
2012-03-14,84.2,1.3
2012-03-15,214.6,1.1199999999999999
2012-03-16,87.8,1.1199999999999999
2012-03-17,93.2,2.5200000000000005
2012-03-18,103.6,1.78
2012-03-19,137.4,3.96
2012-03-20,179.8,2.6800000000000006
2012-03-21,56.8,5.18
2012-03-22,29.4,3.1599999999999997
2012-03-23,306.8,2.8600000000000003
2012-03-24,42.0,3.44
2012-03-25,139.6,6.42
2012-03-26,220.2,7.080000000000001
2012-03-27,225.2,0.72
2012-03-28,115.6,1.22
2012-03-29,189.0,1.28
2012-03-30,185.8,1.6
2012-03-31,98.4,0.86
2012-04-01,117.0,2.2800000000000002
2012-04-02,125.4,3.88
2012-04-03,127.2,4.4799999999999995
2012-04-04,175.4,2.56
2012-04-05,161.8,2.1
2012-04-06,137.8,1.94
2012-04-07,254.0,1.02
2012-04-08,179.6,2.34
2012-04-09,203.2,2.84
2012-04-10,265.4,0.62
2012-04-11,41.6,1.6199999999999999
2012-04-12,256.2,4.5600000000000005
2012-04-13,217.8,7.12
2012-04-14,220.0,6.5600000000000005
2012-04-15,76.0,1.08
2012-04-16,106.2,0.8799999999999999
2012-04-17,130.0,1.54
2012-04-18,203.4,0.9199999999999999
2012-04-19,107.8,1.42
2012-04-20,209.4,0.8400000000000001
2012-04-21,143.0,0.9199999999999999
2012-04-22,195.6,0.8
2012-04-23,124.2,0.76
2012-04-24,213.6,0.58
2012-04-25,131.6,1.48
2012-04-26,98.6,1.14
2012-04-27,95.6,8.379999999999999
2012-04-28,256.2,7.3
2012-04-29,253.8,3.02
2012-04-30,253.0,5.640000000000001
2012-05-01,198.2,3.62
2012-05-02,157.4,1.8800000000000001
2012-05-03,175.0,0.74
2012-05-04,208.6,0.8399999999999999
2012-05-05,199.6,0.78
2012-05-06,187.4,1.3599999999999999
2012-05-07,119.0,2.4
2012-05-08,48.0,5.46
2012-05-09,40.0,3.0599999999999996
2012-05-10,209.4,0.8400000000000001
2012-05-11,217.0,5.36
2012-05-12,228.6,7.56
2012-05-13,335.2,2.54
2012-05-14,13.6,4.24
2012-05-15,323.2,4.1
2012-05-16,292.2,5.279999999999999
2012-05-17,220.2,5.76
2012-05-18,242.0,8.52
2012-05-19,235.0,5.82
2012-05-20,170.2,0.82
2012-05-21,108.2,0.9400000000000001
2012-05-22,157.4,1.1199999999999999
2012-05-23,112.2,0.36
2012-05-24,140.2,1.06
2012-05-25,291.0,2.96
2012-05-26,128.2,0.9400000000000001
2012-05-27,34.8,3.8199999999999994
2012-05-28,127.4,3.02
2012-05-29,199.6,4.760000000000001
2012-05-30,75.2,1.08
2012-05-31,223.4,6.24
2012-06-01,164.0,1.52
2012-06-02,96.2,0.9
2012-06-03,266.0,1.0
2012-06-04,110.8,1.1199999999999999
2012-06-05,54.4,3.22
2012-06-06,51.8,3.88
2012-06-07,254.6,9.64
2012-06-08,266.0,1.56
2012-06-09,265.8,5.62
2012-06-10,222.4,4.660000000000001
2012-06-11,251.8,5.58
2012-06-12,210.4,4.48
2012-06-13,194.0,1.38
2012-06-14,189.0,1.12
2012-06-15,105.2,1.56
2012-06-16,173.0,1.9400000000000002
2012-06-17,146.4,1.2799999999999998
2012-06-18,37.8,6.959999999999999
2012-06-19,82.0,3.28
2012-06-20,290.6,3.34
2012-06-21,67.0,1.02
2012-06-22,182.2,2.38
2012-06-23,148.4,1.1400000000000001
2012-06-24,301.0,4.26
2012-06-25,249.4,4.3
2012-06-26,266.2,2.88
2012-06-27,242.4,11.04
2012-06-28,242.6,9.18
2012-06-29,230.0,6.94
2012-06-30,137.0,0.6599999999999999
2012-07-01,108.0,1.48
2012-07-02,117.4,2.56
2012-07-03,68.0,6.36
2012-07-04,96.4,2.3600000000000003
2012-07-05,169.0,0.8800000000000001
2012-07-06,199.0,2.1799999999999997
2012-07-07,235.0,1.1199999999999999
2012-07-08,156.4,0.74
2012-07-09,156.4,0.4
2012-07-10,176.2,0.36
2012-07-11,95.4,0.8800000000000001
2012-07-12,131.4,1.0999999999999999
2012-07-13,34.2,3.3
2012-07-14,48.8,2.7800000000000002
2012-07-15,20.6,4.9
2012-07-16,15.8,6.8
2012-07-17,217.2,9.68
2012-07-18,99.4,0.54
2012-07-19,148.0,0.5
2012-07-20,179.4,0.5599999999999999
2012-07-21,79.8,2.56
2012-07-22,71.0,4.5200000000000005
2012-07-23,90.8,2.8399999999999994
2012-07-24,35.4,2.1
2012-07-25,169.8,1.54
2012-07-26,151.6,2.24
2012-07-27,216.2,0.62
2012-07-28,96.2,0.9800000000000001
2012-07-29,62.4,6.040000000000001
2012-07-30,50.4,4.54
2012-07-31,39.8,1.94
2012-08-01,69.6,2.2800000000000002
2012-08-02,73.6,2.4
2012-08-03,92.0,2.2800000000000002
2012-08-04,106.4,0.4600000000000001
2012-08-05,86.6,0.6
2012-08-06,137.2,0.8400000000000001
2012-08-07,46.2,2.32
2012-08-08,332.6,3.9
2012-08-09,277.2,2.8999999999999995
2012-08-10,177.0,1.02
2012-08-11,61.6,2.9400000000000004
2012-08-12,27.6,4.92
2012-08-13,242.2,4.12
2012-08-14,217.2,2.6599999999999997
2012-08-15,42.8,3.8
2012-08-16,287.8,4.6
2012-08-17,324.8,1.6
2012-08-18,311.4,2.96
2012-08-19,29.8,3.08
2012-08-20,330.8,2.56
2012-08-21,268.0,6.82
2012-08-22,213.4,3.0999999999999996
2012-08-23,138.8,0.7
2012-08-24,118.6,1.04
2012-08-25,75.4,2.3
2012-08-26,26.2,2.2800000000000002
2012-08-27,12.6,4.7
2012-08-28,239.0,3.9200000000000004
2012-08-29,173.0,0.8
2012-08-30,144.2,3.56
2012-08-31,132.2,2.22
2012-09-01,76.8,2.34
2012-09-02,34.4,7.980000000000001
2012-09-03,44.4,8.620000000000001
2012-09-04,263.2,7.76
2012-09-05,234.0,12.280000000000001
2012-09-06,293.6,3.3600000000000003
2012-09-07,317.2,3.0
2012-09-08,82.8,3.38
2012-09-09,303.6,4.2
2012-09-10,256.6,7.9799999999999995
2012-09-11,266.2,7.719999999999999
2012-09-12,197.8,4.8
2012-09-13,133.6,0.54
2012-09-14,317.6,2.4999999999999996
2012-09-15,26.2,6.44
2012-09-16,46.0,2.9
2012-09-17,333.2,3.78
2012-09-18,223.4,5.1
2012-09-19,153.4,0.7000000000000001
2012-09-20,220.4,1.5000000000000002
2012-09-21,116.8,2.1399999999999997
2012-09-22,86.8,2.04
2012-09-23,100.8,2.24
2012-09-24,74.0,3.04
2012-09-25,64.8,4.0
2012-09-26,42.4,5.42
2012-09-27,59.8,3.5
2012-09-28,156.4,3.78
2012-09-29,155.6,2.7199999999999998
2012-09-30,260.4,3.1399999999999997
2012-10-01,232.6,3.9400000000000004
2012-10-02,256.8,8.580000000000002
2012-10-03,245.0,7.779999999999999
2012-10-04,279.4,6.220000000000001
2012-10-05,252.6,5.3999999999999995
2012-10-06,278.6,9.02
2012-10-07,224.0,8.319999999999999
2012-10-08,28.8,7.8
2012-10-09,323.8,2.46
2012-10-10,108.6,1.1600000000000001
2012-10-11,222.4,5.539999999999999
2012-10-12,155.0,1.36
2012-10-13,21.4,9.06
2012-10-14,261.8,10.76
2012-10-15,235.2,10.080000000000002
2012-10-16,233.8,10.16
2012-10-17,257.6,6.0200000000000005
2012-10-18,312.8,7.18
2012-10-19,240.2,13.62
2012-10-20,244.4,5.36
2012-10-21,331.6,4.92
2012-10-22,268.2,7.9799999999999995
2012-10-23,129.2,2.1399999999999997
2012-10-24,103.2,1.7
2012-10-25,182.0,1.02
2012-10-26,203.8,2.56
2012-10-27,98.4,0.8800000000000001
2012-10-28,269.2,2.0200000000000005
2012-10-29,242.8,5.359999999999999
2012-10-30,141.6,3.5200000000000005
2012-10-31,215.4,5.0200000000000005
2012-11-01,220.6,4.1
2012-11-02,139.4,1.3
2012-11-03,81.8,4.140000000000001
2012-11-04,215.2,9.620000000000001
2012-11-05,221.0,5.3
2012-11-06,163.0,2.02
2012-11-07,91.8,1.3800000000000001
2012-11-08,124.8,1.1800000000000002
2012-11-09,309.8,1.3599999999999999
2012-11-10,210.4,4.66
2012-11-11,344.2,2.06
2012-11-12,242.4,2.7
2012-11-13,181.6,1.9
2012-11-14,227.6,8.7
2012-11-15,79.4,3.3200000000000003
2012-11-16,239.6,7.32
2012-11-17,80.8,3.88
2012-11-18,265.8,9.7
2012-11-19,258.0,4.16
2012-11-20,130.8,1.9200000000000004
2012-11-21,190.0,1.72
2012-11-22,111.8,2.48
2012-11-23,85.0,1.3000000000000003
2012-11-24,215.8,4.96
2012-11-25,215.0,5.279999999999999
2012-11-26,234.2,7.5600000000000005
2012-11-27,223.4,7.720000000000001
2012-11-28,237.8,6.94
2012-11-29,225.4,3.6399999999999997
2012-11-30,230.8,11.28
2012-12-01,219.8,4.0200000000000005
2012-12-02,270.4,5.68
2012-12-03,240.4,9.02
2012-12-04,97.8,1.44
2012-12-05,33.2,5.14
2012-12-06,43.0,4.58
2012-12-07,304.8,5.14
2012-12-08,247.2,7.220000000000001
2012-12-09,156.4,2.02
2012-12-10,154.6,1.7799999999999998
2012-12-11,201.2,3.9
2012-12-12,149.6,1.08
2012-12-13,32.2,3.66
2012-12-14,38.8,2.88
2012-12-15,144.2,0.9800000000000001
2012-12-16,70.6,2.7
2012-12-17,41.0,4.84
2012-12-18,29.4,5.42
2012-12-19,296.2,2.12
2012-12-20,190.8,1.92
2012-12-21,47.4,3.5799999999999996
2012-12-22,104.8,1.4
2012-12-23,150.6,2.84
2012-12-24,118.2,4.4
2012-12-25,62.0,6.739999999999999
2012-12-26,27.8,7.279999999999999
2012-12-27,304.6,3.34
2012-12-28,29.8,3.6399999999999997
2012-12-29,173.6,1.18
2012-12-30,24.0,4.4
2012-12-31,232.8,9.040000000000001
2013-01-01,258.4,4.86
2013-01-02,267.8,2.04
2013-01-03,245.8,5.16
2013-01-04,210.8,6.3
2013-01-05,163.2,2.58
2013-01-06,172.4,2.8600000000000003
2013-01-07,234.6,5.9399999999999995
2013-01-08,232.2,10.28
2013-01-09,298.6,1.8
2013-01-10,152.2,1.44
2013-01-11,300.4,3.02
2013-01-12,212.2,1.64
2013-01-13,175.0,1.3
2013-01-14,337.2,3.4799999999999995
2013-01-15,150.4,4.859999999999999
2013-01-16,248.2,9.1
2013-01-17,271.2,5.52
2013-01-18,225.6,8.34
2013-01-19,217.0,4.6
2013-01-20,268.8,4.42
2013-01-21,206.0,6.279999999999999
2013-01-22,69.4,3.5800000000000005
2013-01-23,57.4,3.7600000000000002
2013-01-24,97.2,1.8399999999999999
2013-01-25,98.2,2.54
2013-01-26,116.0,2.66
2013-01-27,126.8,4.0
2013-01-28,131.6,2.1799999999999997
2013-01-29,101.2,1.28
2013-01-30,79.0,2.6
2013-01-31,113.4,2.34
2013-02-01,125.4,2.5599999999999996
2013-02-02,99.6,2.78
2013-02-03,73.0,2.8
2013-02-04,30.4,7.4799999999999995
2013-02-05,222.4,8.3
2013-02-06,162.2,2.7
2013-02-07,111.2,1.3
2013-02-08,128.0,0.62
2013-02-09,157.2,1.52
2013-02-10,178.2,2.86
2013-02-11,157.0,0.74
2013-02-12,143.0,0.78
2013-02-13,317.6,2.6
2013-02-14,207.8,4.6
2013-02-15,215.8,6.08
2013-02-16,208.6,5.08
2013-02-17,207.8,4.02
2013-02-18,211.8,0.9400000000000001
2013-02-19,218.6,1.1
2013-02-20,107.8,2.04
2013-02-21,138.0,1.1800000000000002
2013-02-22,89.6,1.34
2013-02-23,122.2,1.6599999999999997
2013-02-24,156.2,1.0
2013-02-25,98.2,1.78
2013-02-26,120.6,1.6
2013-02-27,132.25,2.7750000000000004
2013-02-28,116.6,0.8
2013-03-01,222.2,6.640000000000001
2013-03-02,269.0,0.96
2013-03-03,335.4,1.7399999999999998
2013-03-04,221.6,5.459999999999999
2013-03-05,118.4,1.8
2013-03-06,126.4,0.7
2013-03-07,147.0,1.64
2013-03-08,130.8,0.76
2013-03-09,134.2,1.08
2013-03-10,158.8,0.9800000000000001
2013-03-11,137.8,0.7
2013-03-12,171.2,0.82
2013-03-13,327.4,1.3599999999999999
2013-03-14,110.6,0.76
2013-03-15,73.0,1.78
2013-03-16,93.2,1.86
2013-03-17,43.0,5.9399999999999995
2013-03-18,290.2,6.040000000000001
2013-03-19,249.6,10.920000000000002
2013-03-20,192.4,3.04
2013-03-21,98.8,0.76
2013-03-22,100.4,1.32
2013-03-23,133.0,0.72
2013-03-24,100.2,1.26
2013-03-25,157.8,0.68
2013-03-26,126.8,0.6599999999999999
2013-03-27,174.2,0.6399999999999999
2013-03-28,259.0,0.9199999999999999
2013-03-29,97.4,1.2999999999999998
2013-03-30,63.6,1.18
2013-03-31,72.6,2.04
2013-04-01,236.8,2.0
2013-04-02,83.4,0.8400000000000001
2013-04-03,207.6,1.54
2013-04-04,264.0,2.08
2013-04-05,148.8,2.46
2013-04-06,163.4,1.78
2013-04-07,146.6,0.6
2013-04-08,135.8,0.9800000000000001
2013-04-09,105.0,0.6799999999999999
2013-04-10,135.2,0.8800000000000001
2013-04-11,113.2,0.86
2013-04-12,319.8,2.1
2013-04-13,70.8,0.78
2013-04-14,141.0,0.6799999999999999
2013-04-15,94.0,1.94
2013-04-16,61.6,7.88
2013-04-17,331.2,4.62
2013-04-18,243.6,4.4799999999999995
2013-04-19,74.2,1.28
2013-04-20,40.4,3.6199999999999997
2013-04-21,60.2,2.02
2013-04-22,39.4,4.06
2013-04-23,347.2,2.38
2013-04-24,305.6,2.4200000000000004
2013-04-25,293.0,3.8200000000000003
2013-04-26,255.0,4.62
2013-04-27,257.6,8.580000000000002
2013-04-28,221.4,2.96
2013-04-29,234.4,1.94
2013-04-30,265.2,2.9400000000000004
2013-05-01,175.2,2.5599999999999996
2013-05-02,91.2,1.64
2013-05-03,77.8,1.34
2013-05-04,80.2,2.44
2013-05-05,38.4,2.5599999999999996
2013-05-06,331.6,7.300000000000002
2013-05-07,155.0,1.16
2013-05-08,121.8,0.82
2013-05-09,156.2,1.2
2013-05-10,82.6,1.78
2013-05-11,147.0,1.7399999999999998
2013-05-12,190.4,1.9400000000000002
2013-05-13,93.8,0.86
2013-05-14,200.0,0.9199999999999999
2013-05-15,183.8,1.3399999999999999
2013-05-16,136.4,0.82
2013-05-17,41.2,5.339999999999999
2013-05-18,147.2,1.2
2013-05-19,211.8,2.8400000000000003
2013-05-20,159.6,0.8200000000000001
2013-05-21,119.2,2.04
2013-05-22,143.0,1.7599999999999998
2013-05-23,295.2,5.619999999999999
2013-05-24,155.0,0.8200000000000001
2013-05-25,101.0,1.4200000000000002
2013-05-26,261.0,5.04
2013-05-27,246.6,3.54
2013-05-28,225.2,7.1800000000000015
2013-05-29,128.8,1.48
2013-05-30,77.0,1.3
2013-05-31,57.8,0.9800000000000001
2013-06-01,271.8,1.9400000000000002
2013-06-02,336.8,1.5
2013-06-03,214.0,1.2200000000000002
2013-06-04,44.6,5.659999999999999
2013-06-05,100.4,1.64
2013-06-06,177.8,1.9799999999999998
2013-06-07,165.4,0.64
2013-06-08,144.8,0.8
2013-06-09,44.6,3.84
2013-06-10,157.6,1.34
2013-06-11,183.0,0.96
2013-06-12,218.6,4.819999999999999
2013-06-13,214.6,4.74
2013-06-14,284.4,2.5799999999999996
2013-06-15,55.6,2.8600000000000003
2013-06-16,38.6,6.839999999999999
2013-06-17,21.2,3.88
2013-06-18,341.0,2.9
2013-06-19,325.2,2.36
2013-06-20,264.2,9.72
2013-06-21,208.4,8.7
2013-06-22,231.0,7.0600000000000005
2013-06-23,289.2,2.16
2013-06-24,111.4,1.02
2013-06-25,226.4,3.2400000000000007
2013-06-26,269.2,1.26
2013-06-27,126.2,3.16
2013-06-28,161.6,1.5
2013-06-29,189.6,0.52
2013-06-30,331.2,1.7399999999999998
2013-07-01,276.0,1.3599999999999999
2013-07-02,342.6,1.7800000000000005
2013-07-03,100.2,1.7
2013-07-04,148.6,1.98
2013-07-05,197.8,1.2799999999999998
2013-07-06,314.8,1.3800000000000001
2013-07-07,219.4,1.16
2013-07-08,249.2,4.84
2013-07-09,228.6,1.12
2013-07-10,242.4,4.8
2013-07-11,155.6,1.42
2013-07-12,96.2,0.9400000000000001
2013-07-13,160.2,1.1199999999999999
2013-07-14,207.6,5.799999999999999
2013-07-15,182.8,3.84
2013-07-16,165.8,1.06
2013-07-17,115.0,1.02
2013-07-18,237.8,3.2800000000000002
2013-07-19,237.2,2.1
2013-07-20,57.2,0.78
2013-07-21,166.8,0.58
2013-07-22,231.6,0.6199999999999999
2013-07-23,229.6,1.1
2013-07-24,142.6,1.6600000000000001
2013-07-25,305.4,2.7399999999999998
2013-07-26,234.8,4.9
2013-07-27,264.4,2.34
2013-07-28,88.4,0.76
2013-07-29,166.4,0.8800000000000001
2013-07-30,201.0,0.86
2013-07-31,114.8,1.0
2013-08-01,82.0,3.54
2013-08-02,82.8,4.659999999999999
2013-08-03,160.6,2.04
2013-08-04,217.6,1.0
2013-08-05,306.6,1.1
2013-08-06,305.8,1.8399999999999999
2013-08-07,345.2,1.8
2013-08-08,89.8,1.06
2013-08-09,115.2,0.9200000000000002
2013-08-10,165.8,1.7399999999999998
2013-08-11,227.4,4.9399999999999995
2013-08-12,253.6,9.18
2013-08-13,248.6,6.76
2013-08-14,248.0,5.26
2013-08-15,237.6,6.460000000000001
2013-08-16,49.0,3.18
2013-08-17,88.4,2.8600000000000003
2013-08-18,201.6,4.4
2013-08-19,199.4,0.8
2013-08-20,92.8,0.54
2013-08-21,54.0,4.9399999999999995
2013-08-22,99.8,1.8399999999999999
2013-08-23,80.2,1.1400000000000001
2013-08-24,111.2,1.08
2013-08-25,44.0,4.62
2013-08-26,157.0,1.04
2013-08-27,233.6,4.8
2013-08-28,343.6,1.58
2013-08-29,307.2,1.9
2013-08-30,155.6,3.0200000000000005
2013-08-31,143.6,2.68
2013-09-01,133.0,3.3
2013-09-02,240.8,0.76
2013-09-03,177.4,0.64
2013-09-04,238.4,3.6800000000000006
2013-09-05,153.6,2.4
2013-09-06,158.4,1.5799999999999998
2013-09-07,249.6,6.28
2013-09-08,241.6,7.56
2013-09-09,237.6,6.94
2013-09-10,302.0,2.4
2013-09-11,339.6,3.0
2013-09-12,281.6,4.18
2013-09-13,201.6,1.9600000000000002
2013-09-14,214.6,7.38
2013-09-15,245.8,7.4
2013-09-16,98.8,1.06
2013-09-17,144.0,3.1799999999999997
2013-09-18,100.0,1.1400000000000001
2013-09-19,40.6,4.66
2013-09-20,28.8,4.38
2013-09-21,29.8,5.32
2013-09-22,28.4,4.0
2013-09-23,345.0,2.44
2013-09-24,133.4,1.78
2013-09-25,53.6,8.6
2013-09-26,238.4,12.66
2013-09-27,252.0,4.9399999999999995
2013-09-28,266.4,9.0
2013-09-29,251.6,7.88
2013-09-30,300.8,6.38
2013-10-01,208.6,5.779999999999999
2013-10-02,211.2,0.5599999999999999
2013-10-03,137.8,1.1800000000000002
2013-10-04,149.2,1.06
2013-10-05,167.4,1.9200000000000004
2013-10-06,107.0,1.4000000000000001
2013-10-07,221.8,2.9400000000000004
2013-10-08,26.8,2.9400000000000004
2013-10-09,269.4,13.24
2013-10-10,242.4,3.8
2013-10-11,287.2,9.040000000000001
2013-10-12,252.6,12.419999999999998
2013-10-13,246.8,11.64
2013-10-14,340.8,3.3
2013-10-15,21.0,7.26
2013-10-16,258.6,7.1
2013-10-17,249.4,6.840000000000001
2013-10-18,323.0,2.0200000000000005
2013-10-19,258.6,5.08
2013-10-20,193.0,2.56
2013-10-21,213.8,3.4599999999999995
2013-10-22,286.4,3.5800000000000005
2013-10-23,285.4,5.6
2013-10-24,299.0,3.8600000000000003
2013-10-25,328.2,4.56
2013-10-26,240.4,3.0999999999999996
2013-10-27,333.6,2.7
2013-10-28,227.8,6.640000000000001
2013-10-29,203.8,2.6599999999999997
2013-10-30,256.4,5.06
2013-10-31,15.8,3.4
2013-11-01,232.0,6.0200000000000005
2013-11-02,219.6,7.44
2013-11-03,221.4,2.74
2013-11-04,135.0,0.82
2013-11-05,39.2,5.640000000000001
2013-11-06,219.0,1.02
2013-11-07,129.4,1.8199999999999998
2013-11-08,142.4,1.2
2013-11-09,224.6,6.0200000000000005
2013-11-10,221.4,5.9
2013-11-11,222.0,8.04
2013-11-12,91.2,1.42
2013-11-13,150.8,1.5
2013-11-14,207.6,0.8
2013-11-15,100.6,0.86
2013-11-16,261.2,1.8399999999999999
2013-11-17,180.8,1.44
2013-11-18,168.0,1.6199999999999999
2013-11-19,183.0,1.4400000000000002
2013-11-20,80.0,2.7
2013-11-21,95.0,2.54
2013-11-22,164.4,1.08
2013-11-23,143.0,1.3199999999999998
2013-11-24,219.6,3.5
2013-11-25,237.0,2.86
2013-11-26,27.2,3.3599999999999994
2013-11-27,80.4,2.1
2013-11-28,238.2,6.220000000000001
2013-11-29,235.6,8.0
2013-11-30,318.0,5.3
2013-12-01,222.6,6.880000000000001
2013-12-02,143.4,2.0599999999999996
2013-12-03,100.8,3.22
2013-12-04,67.4,4.9799999999999995
2013-12-05,52.0,6.5200000000000005
2013-12-06,331.8,2.68
2013-12-07,21.6,3.38
2013-12-08,177.25,3.1
2013-12-09,269.2,3.1399999999999997
2013-12-10,224.8,4.8
2013-12-11,195.2,2.64
2013-12-12,117.2,1.58
2013-12-13,178.6,1.28
2013-12-14,106.4,1.22
2013-12-15,222.4,1.54
2013-12-16,176.0,1.2
2013-12-17,201.0,1.8800000000000001
2013-12-18,220.2,5.58
2013-12-19,223.2,8.0
2013-12-20,153.4,2.12
2013-12-21,224.4,5.2
2013-12-22,218.4,8.84
2013-12-23,190.4,2.96
2013-12-24,288.2,3.22
2013-12-25,269.2,8.319999999999999
2013-12-26,275.6,4.26
2013-12-27,217.8,1.3199999999999998
2013-12-28,65.6,1.56
2013-12-29,63.8,3.4799999999999995
2013-12-30,147.6,3.08
2013-12-31,241.6,5.9799999999999995
2014-01-01,143.2,0.8400000000000001
2014-01-02,224.8,2.54
2014-01-03,278.6,3.04
2014-01-04,304.4,4.6800000000000015
2014-01-05,88.4,3.46
2014-01-06,224.2,6.62
2014-01-07,58.4,2.78
2014-01-08,270.0,4.12
2014-01-09,253.6,6.06
2014-01-10,170.6,1.56
2014-01-11,167.2,2.7399999999999998
2014-01-12,249.0,2.46
2014-01-13,287.6,5.02
2014-01-14,224.6,8.16
2014-01-15,165.0,1.98
2014-01-16,242.4,4.9
2014-01-17,258.0,10.3
2014-01-18,204.4,4.840000000000001
2014-01-19,162.2,1.02
2014-01-20,78.0,0.7
2014-01-21,108.2,4.359999999999999
2014-01-22,288.6,3.12
2014-01-23,239.0,8.32
2014-01-24,218.8,7.0200000000000005
2014-01-25,93.8,1.3399999999999999
2014-01-26,44.6,6.4799999999999995
2014-01-27,194.2,4.640000000000001
2014-01-28,163.4,2.76
2014-01-29,153.6,1.3199999999999998
2014-01-30,211.2,5.46
2014-01-31,154.4,1.64
2014-02-01,162.2,2.4
2014-02-02,199.4,1.7600000000000002
2014-02-03,72.2,2.2
2014-02-04,268.2,1.5
2014-02-05,215.2,1.26
2014-02-06,104.0,1.9799999999999998
2014-02-07,60.4,7.08
2014-02-08,213.8,6.3
2014-02-09,206.0,5.9799999999999995
2014-02-10,194.4,2.38
2014-02-11,214.4,5.0600000000000005
2014-02-12,326.4,2.58
2014-02-13,262.4,6.0600000000000005
2014-02-14,250.4,4.08
2014-02-15,232.6,1.64
2014-02-16,146.6,1.1800000000000002
2014-02-17,92.0,1.9
2014-02-18,78.6,3.1399999999999997
2014-02-19,115.0,2.4199999999999995
2014-02-20,116.8,2.1399999999999997
2014-02-21,111.6,1.8
2014-02-22,114.0,1.2399999999999998
2014-02-23,217.0,6.0600000000000005
2014-02-24,164.4,2.92
2014-02-25,153.8,2.1
2014-02-26,132.8,1.0
2014-02-27,146.0,1.0799999999999998
2014-02-28,169.0,1.1
2014-03-01,208.6,5.84
2014-03-02,131.4,1.0399999999999998
2014-03-03,291.2,3.54
2014-03-04,234.6,4.279999999999999
2014-03-05,244.4,10.58
2014-03-06,182.4,1.58
2014-03-07,96.8,0.9200000000000002
2014-03-08,170.2,0.8400000000000001
2014-03-09,186.6,2.2600000000000002
2014-03-10,146.8,0.5800000000000001
2014-03-11,108.6,0.62
2014-03-12,113.8,1.34
2014-03-13,116.2,1.2
2014-03-14,111.8,1.28
2014-03-15,91.2,4.640000000000001
2014-03-16,34.2,8.620000000000001
2014-03-17,310.2,1.8800000000000001
2014-03-18,209.2,1.4200000000000002
2014-03-19,197.0,2.48
2014-03-20,146.8,1.36
2014-03-21,139.0,1.58
2014-03-22,163.2,1.52
2014-03-23,179.4,0.9400000000000001
2014-03-24,91.8,0.54
2014-03-25,241.6,2.42
2014-03-26,217.6,8.6
2014-03-27,222.4,6.839999999999999
2014-03-28,115.6,0.9800000000000001
2014-03-29,103.6,0.82
2014-03-30,112.2,0.64
2014-03-31,80.2,0.6599999999999999
2014-04-01,142.2,0.68
2014-04-02,150.0,0.68
2014-04-03,136.2,0.7
2014-04-04,163.4,0.76
2014-04-05,192.8,2.54
2014-04-06,216.2,4.26
2014-04-07,210.8,3.5200000000000005
2014-04-08,248.2,1.5400000000000003
2014-04-09,327.2,1.1600000000000001
2014-04-10,86.0,1.16
2014-04-11,89.8,0.96
2014-04-12,298.8,3.4199999999999995
2014-04-13,86.6,0.72
2014-04-14,69.4,3.5
2014-04-15,57.4,6.5200000000000005
2014-04-16,40.4,6.44
2014-04-17,60.4,10.500000000000002
2014-04-18,39.0,5.24
2014-04-19,280.4,2.62
2014-04-20,280.6,1.9600000000000002
2014-04-21,269.8,5.52
2014-04-22,227.6,5.88
2014-04-23,120.0,0.8400000000000001
2014-04-24,153.2,1.2
2014-04-25,334.0,1.4999999999999998
2014-04-26,199.0,1.8799999999999997
2014-04-27,81.2,0.9199999999999999
2014-04-28,259.2,6.36
2014-04-29,273.6,8.0
2014-04-30,142.2,1.1199999999999999
2014-05-01,80.4,0.62
2014-05-02,57.2,0.6599999999999999
2014-05-03,58.6,0.8800000000000001
2014-05-04,117.6,0.5799999999999998
2014-05-05,35.6,6.06
2014-05-06,272.8,1.7
2014-05-07,218.6,1.8199999999999998
2014-05-08,151.6,1.48
2014-05-09,211.0,1.7400000000000002
2014-05-10,177.6,1.2
2014-05-11,99.4,0.52
2014-05-12,59.4,0.72
2014-05-13,329.4,1.7599999999999998
2014-05-14,210.8,2.34
2014-05-15,229.2,4.46
2014-05-16,210.8,0.78
2014-05-17,107.0,0.9400000000000001
2014-05-18,119.2,0.8400000000000001
2014-05-19,83.2,0.5399999999999999
2014-05-20,69.0,0.4600000000000001
2014-05-21,313.0,2.04
2014-05-22,209.2,4.9799999999999995
2014-05-23,268.0,5.1
2014-05-24,299.8,6.040000000000001
2014-05-25,283.0,4.74
2014-05-26,251.6,9.4
2014-05-27,137.0,1.1400000000000001
2014-05-28,63.8,0.45999999999999996
2014-05-29,277.4,2.0
2014-05-30,269.2,2.3
2014-05-31,170.6,1.42
2014-06-01,166.4,1.3599999999999999
2014-06-02,181.8,2.02
2014-06-03,225.6,1.7399999999999998
2014-06-04,129.6,0.8400000000000001
2014-06-05,221.0,0.9800000000000001
2014-06-06,111.8,0.36
2014-06-07,60.4,1.7200000000000002
2014-06-08,60.2,2.1
2014-06-09,55.2,4.08
2014-06-10,59.0,5.7
2014-06-11,168.8,5.9399999999999995
2014-06-12,169.4,1.3599999999999999
2014-06-13,191.2,2.5200000000000005
2014-06-14,200.4,0.6799999999999999
2014-06-15,105.2,0.9
2014-06-16,63.2,2.62
2014-06-17,274.0,1.4200000000000002
2014-06-18,285.8,3.900000000000001
2014-06-19,295.4,3.7199999999999998
2014-06-20,224.8,7.7
2014-06-21,336.6,2.0
2014-06-22,312.4,2.96
2014-06-23,84.0,0.64
2014-06-24,63.4,2.12
2014-06-25,39.8,6.180000000000001
2014-06-26,282.4,1.6599999999999997
2014-06-27,313.2,2.4400000000000004
2014-06-28,238.6,11.5
2014-06-29,132.0,0.74
2014-06-30,27.4,5.34
2014-07-01,208.0,1.64
2014-07-02,265.2,7.739999999999999
2014-07-03,223.0,8.0
2014-07-04,155.2,1.9000000000000004
2014-07-05,260.6,9.379999999999999
2014-07-06,126.8,1.1400000000000001
2014-07-07,65.2,3.28
2014-07-08,74.0,5.5
2014-07-09,74.2,8.34
2014-07-10,67.6,7.88
2014-07-11,56.0,8.879999999999999
2014-07-12,36.0,6.94
2014-07-13,23.4,1.52
2014-07-14,163.6,0.96
2014-07-15,181.8,1.34
2014-07-16,136.4,0.54
2014-07-17,165.6,1.22
2014-07-18,125.6,1.1600000000000001
2014-07-19,102.0,0.7
2014-07-20,157.8,2.5
2014-07-21,210.6,3.8600000000000003
2014-07-22,195.2,2.68
2014-07-23,226.4,5.2
2014-07-24,121.4,0.8799999999999999
2014-07-25,235.0,6.980000000000001
2014-07-26,163.6,0.78
2014-07-27,205.6,3.5200000000000005
2014-07-28,77.2,0.6
2014-07-29,98.0,1.16
2014-07-30,51.4,2.46
2014-07-31,147.2,1.7600000000000002
2014-08-01,57.4,2.04
2014-08-02,24.0,5.380000000000001
2014-08-03,179.4,3.7199999999999998
2014-08-04,67.8,0.8400000000000001
2014-08-05,211.8,5.180000000000001
2014-08-06,258.6,6.82
2014-08-07,249.0,7.0
2014-08-08,238.2,6.68
2014-08-09,159.2,1.6400000000000001
2014-08-10,284.8,1.8199999999999998
2014-08-11,280.6,2.06
2014-08-12,316.2,4.2
2014-08-13,242.8,7.959999999999999
2014-08-14,240.6,12.66
2014-08-15,210.4,7.44
2014-08-16,213.0,4.880000000000001
2014-08-17,159.6,1.28
2014-08-18,232.0,0.9
2014-08-19,70.0,2.1800000000000006
2014-08-20,199.0,1.5400000000000003
2014-08-21,211.4,5.42
2014-08-22,176.8,1.9
2014-08-23,196.6,3.3
2014-08-24,211.8,1.02
2014-08-25,190.4,0.6799999999999999
2014-08-26,98.2,0.9400000000000001
2014-08-27,96.2,0.9199999999999999
2014-08-28,121.0,2.3200000000000003
2014-08-29,105.0,2.6799999999999997
2014-08-30,79.4,4.959999999999999
2014-08-31,99.2,2.9
2014-09-01,171.8,3.34
2014-09-02,217.6,4.699999999999999
2014-09-03,227.4,1.24
2014-09-04,60.4,2.72
2014-09-05,62.0,4.18
2014-09-06,84.0,2.06
2014-09-07,178.6,2.1799999999999997
2014-09-08,224.4,5.619999999999999
2014-09-09,107.6,0.62
2014-09-10,57.8,2.76
2014-09-11,101.8,0.8
2014-09-12,61.4,3.7600000000000002
2014-09-13,37.0,2.9800000000000004
2014-09-14,242.0,14.1
2014-09-15,239.6,4.64
2014-09-16,323.6,4.14
2014-09-17,262.8,5.959999999999999
2014-09-18,32.8,1.0599999999999998
2014-09-19,331.2,2.8200000000000003
2014-09-20,266.4,4.0200000000000005
2014-09-21,270.8,2.32
2014-09-22,251.2,14.060000000000002
2014-09-23,244.4,1.4
2014-09-24,228.0,8.42
2014-09-25,220.4,3.9200000000000004
2014-09-26,261.2,3.5599999999999996
2014-09-27,104.0,1.6199999999999999
2014-09-28,320.4,4.72
2014-09-29,109.2,4.82
2014-09-30,183.0,2.2600000000000002
2014-10-01,199.2,3.6799999999999997
2014-10-02,275.6,4.46
2014-10-03,284.8,7.540000000000001
2014-10-04,258.6,12.7
2014-10-05,233.6,9.540000000000001
2014-10-06,287.6,8.64
2014-10-07,223.8,12.28
2014-10-08,83.8,1.8599999999999999
2014-10-09,242.2,3.28
2014-10-10,139.6,1.6
2014-10-11,171.6,2.0
2014-10-12,211.2,5.140000000000001
2014-10-13,207.6,2.4
2014-10-14,159.6,1.1600000000000001
2014-10-15,180.4,2.32
2014-10-16,55.8,1.6600000000000001
2014-10-17,25.6,4.0
2014-10-18,22.4,3.7
2014-10-19,210.2,3.38
2014-10-20,231.2,5.9799999999999995
2014-10-21,216.4,3.44
2014-10-22,52.8,2.1399999999999997
2014-10-23,307.6,1.6200000000000003
2014-10-24,236.0,8.7
2014-10-25,159.2,2.2
2014-10-26,276.2,4.0
2014-10-27,298.6,5.82
2014-10-28,60.0,4.4399999999999995
2014-10-29,240.8,2.36
2014-10-30,249.6,13.9
2014-10-31,274.8,5.46
2014-11-01,238.6,6.42
2014-11-02,316.4,1.7599999999999998
2014-11-03,125.0,5.88
2014-11-04,307.8,2.9
2014-11-05,121.4,1.34
2014-11-06,324.6,4.5
2014-11-07,213.0,4.42
2014-11-08,208.6,3.38
2014-11-09,199.2,1.02
2014-11-10,228.0,2.32
2014-11-11,272.8,4.82
2014-11-12,264.0,10.0
2014-11-13,256.4,9.680000000000001
2014-11-14,240.8,11.580000000000002
2014-11-15,269.2,9.46
2014-11-16,245.0,9.379999999999999
2014-11-17,29.6,4.220000000000001
2014-11-18,253.2,7.960000000000001
2014-11-19,293.8,4.42
2014-11-20,229.8,9.479999999999999
2014-11-21,244.8,5.9799999999999995
2014-11-22,290.6,4.76
2014-11-23,227.6,5.2
2014-11-24,152.6,0.8400000000000001
2014-11-25,249.6,3.6599999999999993
2014-11-26,291.4,5.4
2014-11-27,235.0,4.760000000000001
2014-11-28,292.0,4.08
2014-11-29,239.0,8.239999999999998
2014-11-30,262.8,7.06
2014-12-01,235.6,7.94
2014-12-02,136.4,2.2199999999999998
2014-12-03,207.0,3.3600000000000003
2014-12-04,252.0,6.34
2014-12-05,255.6,5.6
2014-12-06,194.4,2.2
2014-12-07,250.4,5.299999999999999
2014-12-08,221.6,4.499999999999999
2014-12-09,85.0,3.3
2014-12-10,317.4,3.7399999999999998
2014-12-11,293.0,3.44
2014-12-12,271.8,3.0599999999999996
2014-12-13,120.0,1.06
2014-12-14,91.2,3.8
2014-12-15,130.4,4.36
2014-12-16,80.4,4.0200000000000005
2014-12-17,63.0,9.08
2014-12-18,313.0,2.98
2014-12-19,208.6,1.12
2014-12-20,54.8,3.9400000000000004
2014-12-21,280.8,2.54
2014-12-22,211.2,3.3800000000000003
2014-12-23,161.2,1.4999999999999998
2014-12-24,50.0,4.76
2014-12-25,72.6,2.04
2014-12-26,87.8,2.1799999999999997
2014-12-27,65.0,3.06
2014-12-28,58.2,2.0
2014-12-29,67.4,1.42
2014-12-30,65.4,3.22
2014-12-31,33.8,6.0600000000000005
2015-01-01,208.6,4.840000000000001
2015-01-02,127.2,1.06
2015-01-03,172.0,2.34
2015-01-04,132.8,0.8800000000000001
2015-01-05,167.4,1.4600000000000002
2015-01-06,127.6,0.9400000000000001
2015-01-07,276.0,2.44
2015-01-08,160.2,1.6200000000000003
2015-01-09,31.0,3.54
2015-01-10,226.2,2.96
2015-01-11,216.6,4.0200000000000005
2015-01-12,211.0,5.24
2015-01-13,199.6,4.08
2015-01-14,147.2,2.06
2015-01-15,163.6,1.16
2015-01-16,54.8,1.7
2015-01-17,217.2,2.0599999999999996
2015-01-18,212.6,3.04
2015-01-19,253.6,2.1
2015-01-20,256.8,1.2
2015-01-21,177.8,2.18
2015-01-22,118.6,2.5
2015-01-23,76.4,2.2600000000000002
2015-01-24,291.4,1.7600000000000002
2015-01-25,61.0,1.36
2015-01-26,87.0,2.2600000000000002
2015-01-27,96.2,1.1
2015-01-28,146.6,1.8
2015-01-29,129.2,3.8600000000000003
2015-01-30,80.4,2.7
2015-01-31,158.8,2.1399999999999997
2015-02-01,32.0,3.7600000000000002
2015-02-02,151.4,2.4799999999999995
2015-02-03,270.4,4.32
2015-02-04,168.2,1.08
2015-02-05,214.6,5.14
2015-02-06,251.4,12.059999999999999
2015-02-07,204.6,5.959999999999999
2015-02-08,208.8,2.42
2015-02-09,311.0,2.2
2015-02-10,187.6,2.92
2015-02-11,122.4,2.6000000000000005
2015-02-12,115.2,2.7800000000000002
2015-02-13,198.6,1.22
2015-02-14,116.6,1.4
2015-02-15,95.4,1.64
2015-02-16,100.6,1.2
2015-02-17,264.4,1.4200000000000002
2015-02-18,251.8,1.1600000000000001
2015-02-19,153.4,1.4600000000000002
2015-02-20,149.8,1.0399999999999998
2015-02-21,209.0,1.18
2015-02-22,232.8,1.6600000000000001
2015-02-23,96.8,1.52
2015-02-24,123.6,2.1800000000000006
2015-02-25,131.2,0.86
2015-02-26,165.6,0.8600000000000001
2015-02-27,130.2,0.9
2015-02-28,125.8,0.9400000000000001
2015-03-01,95.0,0.82
2015-03-02,25.4,2.92
2015-03-03,80.2,1.9600000000000002
2015-03-04,117.2,1.3199999999999998
2015-03-05,140.6,0.9399999999999998
2015-03-06,20.0,5.540000000000001
2015-03-07,279.0,1.6
2015-03-08,258.4,7.9799999999999995
2015-03-09,99.6,1.2400000000000002
2015-03-10,135.8,1.1199999999999999
2015-03-11,152.2,1.22
2015-03-12,115.6,1.6
2015-03-13,99.4,2.12
2015-03-14,107.6,0.8800000000000001
2015-03-15,103.2,2.3
2015-03-16,171.8,5.4399999999999995
2015-03-17,203.0,3.02
2015-03-18,143.6,1.7399999999999998
2015-03-19,105.8,1.3599999999999999
2015-03-20,157.2,1.14
2015-03-21,83.8,2.38
2015-03-22,71.8,1.9599999999999997
2015-03-23,67.4,1.9799999999999998
2015-03-24,98.4,2.6799999999999997
2015-03-25,73.0,0.74
2015-03-26,89.0,1.72
2015-03-27,141.8,1.06
2015-03-28,49.8,2.54
2015-03-29,256.6,2.72
2015-03-30,255.6,7.0
2015-03-31,215.4,3.9599999999999995
2015-04-01,105.2,0.4600000000000001
2015-04-02,173.0,0.58
2015-04-03,161.0,0.6599999999999999
2015-04-04,149.6,1.02
2015-04-05,272.4,2.2600000000000002
2015-04-06,148.6,1.46
2015-04-07,25.8,2.68
2015-04-08,158.8,1.7399999999999998
2015-04-09,269.4,2.44
2015-04-10,86.0,2.0
2015-04-11,226.2,8.080000000000002
2015-04-12,252.8,4.540000000000001
2015-04-13,213.2,3.84
2015-04-14,231.8,9.719999999999999
2015-04-15,206.2,4.62
2015-04-16,126.0,1.14
2015-04-17,210.8,1.0999999999999999
2015-04-18,12.2,3.3600000000000003
2015-04-19,150.4,1.48
2015-04-20,150.8,0.7200000000000001
2015-04-21,150.2,0.8800000000000001
2015-04-22,105.2,0.64
2015-04-23,73.0,0.86
2015-04-24,124.0,1.0
2015-04-25,101.4,1.52
2015-04-26,51.0,3.3400000000000007
2015-04-27,28.4,8.66
2015-04-28,271.0,6.62
2015-04-29,266.6,6.26
2015-04-30,239.0,14.180000000000001
2015-05-01,143.8,0.6599999999999999
2015-05-02,263.6,1.3800000000000001
2015-05-03,268.6,1.3399999999999999
2015-05-04,165.8,0.9400000000000001
2015-05-05,66.6,1.6600000000000001
2015-05-06,50.8,2.62
2015-05-07,19.4,3.94
2015-05-08,328.2,2.7
2015-05-09,129.4,0.7
2015-05-10,224.0,2.54
2015-05-11,285.0,1.3
2015-05-12,8.0,4.220000000000001
2015-05-13,262.6,5.5600000000000005
2015-05-14,79.6,2.9
2015-05-15,149.6,3.06
2015-05-16,174.2,1.7
2015-05-17,58.2,0.6599999999999999
2015-05-18,159.4,0.9800000000000001
2015-05-19,214.0,6.8
2015-05-20,103.2,0.54
2015-05-21,267.2,2.0799999999999996
2015-05-22,225.8,4.64
2015-05-23,110.2,1.56
2015-05-24,226.2,11.66
2015-05-25,235.4,13.820000000000002
2015-05-26,235.8,11.0
2015-05-27,216.2,2.6
2015-05-28,213.6,1.7600000000000002
2015-05-29,143.0,0.52
2015-05-30,179.4,0.48
2015-05-31,63.6,2.7199999999999998
2015-06-01,94.2,1.3
2015-06-02,31.2,6.859999999999999
2015-06-03,214.4,5.08
2015-06-04,275.8,6.4
2015-06-05,273.2,3.5200000000000005
2015-06-06,116.0,0.9199999999999999
2015-06-07,110.8,0.76
2015-06-08,163.0,0.66
2015-06-09,60.0,0.9800000000000001
2015-06-10,335.4,2.86
2015-06-11,281.6,3.84
2015-06-12,270.4,4.580000000000001
2015-06-13,234.4,11.940000000000001
2015-06-14,250.8,10.86
2015-06-15,245.6,7.5600000000000005
2015-06-16,189.2,3.38
2015-06-17,75.4,0.9800000000000001
2015-06-18,333.2,2.02
2015-06-19,34.8,3.54
2015-06-20,27.2,4.52
2015-06-21,256.8,5.7
2015-06-22,210.8,5.44
2015-06-23,139.6,1.7999999999999996
2015-06-24,81.8,0.9200000000000002
2015-06-25,129.6,1.22
2015-06-26,213.6,3.9200000000000004
2015-06-27,232.2,10.9
2015-06-28,229.2,6.1
2015-06-29,255.0,5.859999999999999
2015-06-30,240.6,5.739999999999999
2015-07-01,236.6,6.24
2015-07-02,54.4,1.2399999999999998
2015-07-03,38.6,2.6799999999999997
2015-07-04,180.4,1.3800000000000001
2015-07-05,212.4,8.540000000000001
2015-07-06,292.4,3.8200000000000003
2015-07-07,303.2,4.42
2015-07-08,208.4,4.78
2015-07-09,138.8,1.8
2015-07-10,177.8,2.6399999999999997
2015-07-11,88.8,0.5800000000000001
2015-07-12,139.2,0.6199999999999999
2015-07-13,187.8,0.45999999999999996
2015-07-14,67.2,1.58
2015-07-15,42.2,6.82
2015-07-16,234.2,4.14
2015-07-17,304.6,1.4
2015-07-18,47.2,5.12
2015-07-19,240.2,11.68
2015-07-20,234.8,7.2
2015-07-21,153.8,1.7
2015-07-22,208.2,2.9800000000000004
2015-07-23,142.0,0.7
2015-07-24,43.8,0.74
2015-07-25,181.2,0.9600000000000002
2015-07-26,39.2,3.1799999999999997
2015-07-27,42.0,4.66
2015-07-28,296.8,3.9799999999999995
2015-07-29,248.4,9.179999999999998
2015-07-30,168.2,1.26
2015-07-31,65.4,1.06
2015-08-01,332.4,2.54
2015-08-02,315.8,2.48
2015-08-03,340.8,2.0
2015-08-04,79.2,2.58
2015-08-05,102.0,0.8399999999999999
2015-08-06,252.8,6.2
2015-08-07,308.8,4.0
2015-08-08,265.0,6.68
2015-08-09,286.2,2.04
2015-08-10,158.8,0.9800000000000001
2015-08-11,157.4,1.2599999999999998
2015-08-12,97.6,1.12
2015-08-13,135.6,0.8200000000000001
2015-08-14,38.6,7.6
2015-08-15,320.2,2.2800000000000002
2015-08-16,226.2,2.06
2015-08-17,177.4,1.06
2015-08-18,40.0,3.7
2015-08-19,24.0,3.84
2015-08-20,248.2,6.42
2015-08-21,131.0,0.9400000000000001
2015-08-22,170.8,0.8600000000000001
2015-08-23,77.8,1.3
2015-08-24,58.8,2.4
2015-08-25,148.2,2.62
2015-08-26,226.4,6.68
2015-08-27,112.4,0.9199999999999999
2015-08-28,142.8,0.68
2015-08-29,86.8,1.2799999999999998
2015-08-30,144.2,3.0
2015-08-31,89.2,1.28
2015-09-01,48.0,8.58
2015-09-02,227.8,1.9
2015-09-03,255.6,10.02
2015-09-04,287.2,3.5200000000000005
2015-09-05,157.6,2.08
2015-09-06,280.4,6.12
2015-09-07,226.6,7.340000000000001
2015-09-08,226.2,5.78
2015-09-09,256.6,1.7399999999999998
2015-09-10,48.4,3.8200000000000003
2015-09-11,226.2,12.76
2015-09-12,180.6,2.9799999999999995
2015-09-13,226.2,7.92
2015-09-14,159.6,1.0
2015-09-15,229.4,7.38
2015-09-16,248.6,4.58
2015-09-17,206.6,1.8
2015-09-18,335.0,2.96
2015-09-19,272.4,1.7
2015-09-20,245.0,1.32
2015-09-21,177.4,3.6
2015-09-22,196.4,2.44
2015-09-23,216.0,5.76
2015-09-24,190.2,1.6199999999999999
2015-09-25,140.8,1.7599999999999998
2015-09-26,143.4,1.6600000000000001
2015-09-27,239.2,0.8400000000000001
2015-09-28,131.8,1.3599999999999999
2015-09-29,207.0,0.8400000000000001
2015-09-30,73.6,1.1800000000000002
2015-10-01,36.6,1.8599999999999999
2015-10-02,312.2,4.74
2015-10-03,234.4,9.78
2015-10-04,227.0,5.119999999999999
2015-10-05,227.8,8.780000000000001
2015-10-06,220.8,3.7600000000000002
2015-10-07,212.2,3.5799999999999996
2015-10-08,281.6,6.4
2015-10-09,215.6,1.3800000000000001
2015-10-10,175.0,2.6
2015-10-11,222.4,7.3
2015-10-12,246.0,7.5200000000000005
2015-10-13,289.8,4.380000000000001
2015-10-14,199.8,3.8200000000000003
2015-10-15,210.4,5.76
2015-10-16,225.8,6.04
2015-10-17,250.8,7.4
2015-10-18,290.4,3.28
2015-10-19,237.4,9.319999999999999
2015-10-20,224.4,7.3
2015-10-21,246.0,5.779999999999999
2015-10-22,274.2,7.959999999999999
2015-10-23,295.2,5.62
2015-10-24,331.4,3.9
2015-10-25,198.6,3.96
2015-10-26,147.0,1.12
2015-10-27,244.8,8.86
2015-10-28,220.0,1.4200000000000002
2015-10-29,33.4,2.6399999999999997
2015-10-30,173.6,3.9
2015-10-31,223.0,4.2
2015-11-01,207.8,4.180000000000001
2015-11-02,115.0,1.5799999999999998
2015-11-03,274.0,3.78
2015-11-04,292.2,5.38
2015-11-05,157.8,2.3
2015-11-06,142.6,1.6
2015-11-07,232.6,1.46
2015-11-08,217.6,4.0
2015-11-09,99.0,1.1
2015-11-10,172.0,1.24
2015-11-11,237.2,6.4
2015-11-12,214.8,6.959999999999999
2015-11-13,163.6,2.52
2015-11-14,160.6,1.5399999999999998
2015-11-15,319.0,3.6800000000000006
2015-11-16,33.8,2.96
2015-11-17,229.6,9.12
2015-11-18,218.4,7.6800000000000015
2015-11-19,73.2,2.88
2015-11-20,84.8,4.84
2015-11-21,258.4,7.100000000000001
2015-11-22,246.2,7.860000000000001
2015-11-23,221.0,4.159999999999999
2015-11-24,160.8,1.0799999999999998
2015-11-25,226.6,1.3199999999999998
2015-11-26,279.6,2.6
2015-11-27,82.4,2.7800000000000002
2015-11-28,94.2,2.8
2015-11-29,188.6,2.3
2015-11-30,50.6,3.88
2015-12-01,55.8,3.8199999999999994
2015-12-02,58.0,2.84
2015-12-03,74.0,2.34
2015-12-04,244.0,1.34
2015-12-05,226.6,5.24
2015-12-06,244.8,6.62
2015-12-07,304.4,3.08
2015-12-08,218.6,8.080000000000002
2015-12-09,218.4,8.58
2015-12-10,233.8,7.040000000000001
2015-12-11,261.8,4.96
2015-12-12,304.0,4.24
2015-12-13,281.0,6.62
2015-12-14,227.8,5.5
2015-12-15,222.0,5.16
2015-12-16,248.4,5.56
2015-12-17,247.2,4.380000000000001
2015-12-18,151.8,3.1799999999999997
2015-12-19,214.6,7.56
2015-12-20,227.4,6.220000000000001
2015-12-21,231.4,6.5200000000000005
2015-12-22,228.4,7.480000000000001
2015-12-23,211.4,4.5
2015-12-24,58.2,5.44
2015-12-25,212.6,5.659999999999999
2015-12-26,263.2,1.28
2015-12-27,183.0,2.24
2015-12-28,233.6,1.6600000000000001
2015-12-29,218.8,7.540000000000001
2015-12-30,211.6,1.8200000000000003
2015-12-31,76.2,2.4
2016-01-01,68.8,5.720000000000001
2016-01-02,44.4,8.48
2016-01-03,85.2,3.66
2016-01-04,209.0,4.359999999999999
2016-01-05,107.2,2.36
2016-01-06,90.8,2.1399999999999997
2016-01-07,58.2,4.779999999999999
2016-01-08,23.4,5.28
2016-01-09,247.4,4.36
2016-01-10,246.8,6.9799999999999995
2016-01-11,102.4,1.46
2016-01-12,157.8,1.2600000000000002
2016-01-13,219.4,4.26
2016-01-14,69.6,1.44
2016-01-15,220.4,1.94
2016-01-16,51.6,1.1199999999999999
2016-01-17,35.8,3.66
2016-01-18,44.2,7.18
2016-01-19,332.2,2.6000000000000005
2016-01-20,81.6,0.82
2016-01-21,144.2,1.48
2016-01-22,187.6,1.8800000000000001
2016-01-23,139.0,1.5
2016-01-24,143.6,0.8800000000000001
2016-01-25,105.8,1.44
2016-01-26,87.0,0.9199999999999999
2016-01-27,108.6,1.7400000000000002
2016-01-28,172.8,0.9800000000000001
2016-01-29,256.6,4.34
2016-01-30,102.0,1.1800000000000002
2016-01-31,98.8,1.16
2016-02-01,42.6,4.140000000000001
2016-02-02,311.8,1.3
2016-02-03,65.0,1.9600000000000002
2016-02-04,49.8,5.380000000000001
2016-02-05,68.0,3.54
2016-02-06,115.8,2.52
2016-02-07,112.0,2.6799999999999997
2016-02-08,65.6,1.7200000000000002
2016-02-09,80.6,1.5
2016-02-10,173.6,2.0
2016-02-11,86.6,1.56
2016-02-12,175.4,1.3599999999999999
2016-02-13,153.6,0.9800000000000001
2016-02-14,101.4,1.9200000000000004
2016-02-15,83.4,3.0200000000000005
2016-02-16,60.8,4.7
2016-02-17,35.2,6.5200000000000005
2016-02-18,8.8,5.52
2016-02-19,222.2,1.7
2016-02-20,176.6,1.22
2016-02-21,236.8,4.8
2016-02-22,174.6,0.9600000000000002
2016-02-23,24.0,3.1
2016-02-24,244.4,1.52
2016-02-25,128.4,0.9400000000000001
2016-02-26,79.4,0.5199999999999999
2016-02-27,162.8,1.1800000000000002
2016-02-28,178.4,1.24
2016-02-29,312.4,2.4
2016-03-01,137.2,1.64
2016-03-02,134.0,2.6
2016-03-03,118.6,1.5399999999999998
2016-03-04,127.4,1.26
2016-03-05,96.4,0.68
2016-03-06,106.2,0.6199999999999999
2016-03-07,232.2,6.220000000000001
2016-03-08,234.0,6.140000000000001
2016-03-09,210.2,4.92
2016-03-10,264.8,0.8200000000000001
2016-03-11,264.4,5.56
2016-03-12,128.6,2.42
2016-03-13,60.0,1.3800000000000001
2016-03-14,172.8,0.76
2016-03-15,330.2,1.46
2016-03-16,272.8,2.3
2016-03-17,110.6,1.3
2016-03-18,67.4,2.46
2016-03-19,73.0,3.28
2016-03-20,70.4,2.96
2016-03-21,153.2,1.5
2016-03-22,85.0,2.62
2016-03-23,57.6,8.58
2016-03-24,130.4,7.9399999999999995
2016-03-25,140.0,1.0
2016-03-26,235.2,2.06
2016-03-27,331.0,1.9000000000000004
2016-03-28,203.2,1.3
2016-03-29,174.2,1.26
2016-03-30,204.6,3.78
2016-03-31,79.4,1.86
2016-04-01,60.2,3.6799999999999997
2016-04-02,26.4,2.96
2016-04-03,330.0,1.92
2016-04-04,321.2,2.18
2016-04-05,152.0,2.48
2016-04-06,166.8,1.4600000000000002
2016-04-07,127.4,0.6200000000000001
2016-04-08,330.2,1.8
2016-04-09,117.6,0.8399999999999999
2016-04-10,119.0,0.6799999999999999
2016-04-11,169.4,0.9199999999999999
2016-04-12,328.2,2.46
2016-04-13,263.6,2.66
2016-04-14,125.2,2.1000000000000005
2016-04-15,132.2,0.6599999999999999
2016-04-16,80.6,0.8600000000000001
2016-04-17,99.4,1.3
2016-04-18,207.0,5.839999999999999
2016-04-19,208.6,1.5399999999999998
2016-04-20,131.2,0.76
2016-04-21,117.0,0.72
2016-04-22,77.4,1.3800000000000001
2016-04-23,170.6,0.78
2016-04-24,328.2,2.16
2016-04-25,220.6,5.4
2016-04-26,226.2,8.120000000000001
2016-04-27,76.0,0.74
2016-04-28,267.4,2.6199999999999997
2016-04-29,255.0,2.62
2016-04-30,203.8,3.8999999999999995
2016-05-01,126.0,1.0399999999999998
2016-05-02,129.6,0.8400000000000001
2016-05-03,176.8,1.1600000000000001
2016-05-04,71.4,0.72
2016-05-05,37.0,2.72
2016-05-06,243.4,1.28
2016-05-07,124.8,0.6
2016-05-08,206.4,0.72
2016-05-09,134.4,0.72
2016-05-10,68.8,0.7
2016-05-11,32.0,4.5600000000000005
2016-05-12,271.2,4.26
2016-05-13,339.0,2.62
2016-05-14,244.8,5.040000000000001
2016-05-15,271.2,1.4
2016-05-16,313.0,2.44
2016-05-17,238.2,12.6
2016-05-18,146.6,2.56
2016-05-19,261.6,7.32
2016-05-20,294.2,4.220000000000001
2016-05-21,247.2,3.56
2016-05-22,209.2,4.360000000000001
2016-05-23,278.4,5.58
2016-05-24,271.2,7.62
2016-05-25,51.0,2.02
2016-05-26,311.2,3.3
2016-05-27,339.8,1.8
2016-05-28,153.2,5.62
2016-05-29,280.0,5.959999999999999
2016-05-30,260.6,7.9
2016-05-31,290.0,5.34
2016-06-01,76.8,1.36
2016-06-02,160.4,2.8600000000000003
2016-06-03,100.0,0.5599999999999999
2016-06-04,93.2,0.45999999999999996
2016-06-05,214.0,1.06
2016-06-06,217.8,0.9599999999999997
2016-06-07,82.0,3.06
2016-06-08,58.4,6.42
2016-06-09,54.2,7.5200000000000005
2016-06-10,16.6,4.2
2016-06-11,262.0,1.4200000000000002
2016-06-12,264.6,1.9799999999999998
2016-06-13,196.6,4.88
2016-06-14,115.4,1.1
2016-06-15,312.0,2.66
2016-06-16,286.4,1.06
2016-06-17,226.8,1.2000000000000002
2016-06-18,208.0,1.1199999999999999
2016-06-19,219.2,5.32
2016-06-20,129.8,0.5
2016-06-21,46.8,2.2399999999999998
2016-06-22,23.0,7.040000000000001
2016-06-23,211.4,3.2
2016-06-24,260.2,7.5600000000000005
2016-06-25,52.6,3.54
2016-06-26,210.6,3.5400000000000005
2016-06-27,76.2,4.8
2016-06-28,304.2,3.9
2016-06-29,92.8,2.16
2016-06-30,111.4,0.9399999999999998
2016-07-01,151.0,1.6199999999999999
2016-07-02,64.8,0.68
2016-07-03,80.2,1.0399999999999998
2016-07-04,242.2,0.78
2016-07-05,112.8,0.82
2016-07-06,85.4,1.1199999999999999
2016-07-07,118.8,2.0
2016-07-08,123.0,1.4200000000000002
2016-07-09,146.2,4.0200000000000005
2016-07-10,144.8,3.9
2016-07-11,152.0,3.7199999999999998
2016-07-12,205.6,1.8199999999999998
2016-07-13,107.8,1.0
2016-07-14,309.8,5.5
2016-07-15,264.4,7.5
2016-07-16,235.6,6.88
2016-07-17,251.6,9.84
2016-07-18,223.6,8.400000000000002
2016-07-19,247.6,5.999999999999999
2016-07-20,243.2,15.439999999999998
2016-07-21,242.0,11.180000000000001
2016-07-22,73.0,1.1
2016-07-23,29.0,4.639999999999999
2016-07-24,290.0,9.92
2016-07-25,261.4,7.419999999999999
2016-07-26,162.2,3.7
2016-07-27,277.0,2.2800000000000002
2016-07-28,16.4,2.7399999999999998
2016-07-29,274.6,11.520000000000001
2016-07-30,282.4,3.38
2016-07-31,267.6,7.7
2016-08-01,325.0,2.7800000000000002
2016-08-02,247.4,7.779999999999999
2016-08-03,340.0,2.2199999999999998
2016-08-04,322.0,2.2800000000000002
2016-08-05,332.2,2.3400000000000003
2016-08-06,256.6,5.3
2016-08-07,201.8,5.619999999999999
2016-08-08,53.0,0.9
2016-08-09,161.2,0.9800000000000001
2016-08-10,154.2,3.66
2016-08-11,151.4,3.4200000000000004
2016-08-12,223.8,0.64
2016-08-13,153.6,3.54
2016-08-14,268.0,1.04
2016-08-15,46.6,0.8600000000000001
2016-08-16,194.6,1.0400000000000003
2016-08-17,238.2,0.45999999999999996
2016-08-18,187.0,0.4800000000000001
2016-08-19,221.2,1.94
2016-08-20,224.2,1.6
2016-08-21,91.2,0.64
2016-08-22,60.0,2.7800000000000002
2016-08-23,224.8,2.3
2016-08-24,62.4,1.28
2016-08-25,211.0,1.58
2016-08-26,309.2,5.52
2016-08-27,258.8,9.88
2016-08-28,266.4,1.48
2016-08-29,158.2,3.5400000000000005
2016-08-30,229.6,4.36
2016-08-31,188.6,1.3
2016-09-01,54.4,0.86
2016-09-02,278.4,1.6800000000000002
2016-09-03,250.0,5.84
2016-09-04,195.0,2.0
2016-09-05,270.8,7.380000000000001
2016-09-06,239.2,8.219999999999999
2016-09-07,271.0,4.32
2016-09-08,230.2,8.559999999999999
2016-09-09,192.4,5.86
2016-09-10,182.2,2.18
2016-09-11,204.8,0.9400000000000001
2016-09-12,70.6,0.9200000000000002
2016-09-13,275.2,1.3199999999999998
2016-09-14,331.0,1.9
2016-09-15,313.2,2.7
2016-09-16,41.0,3.4
2016-09-17,26.4,5.6
2016-09-18,202.0,6.9799999999999995
2016-09-19,229.8,5.08
2016-09-20,194.8,0.78
2016-09-21,87.2,3.34
2016-09-22,152.8,2.48
2016-09-23,63.6,2.38
2016-09-24,58.4,3.4799999999999995
2016-09-25,77.6,3.2199999999999998
2016-09-26,121.4,1.36
2016-09-27,107.2,2.6
2016-09-28,160.8,1.2
2016-09-29,149.4,0.8800000000000001
2016-09-30,78.2,1.3
2016-10-01,45.6,4.0200000000000005
2016-10-02,90.6,5.98
2016-10-03,254.2,2.4
2016-10-04,303.8,2.2600000000000002
2016-10-05,249.4,9.219999999999999
2016-10-06,198.4,4.340000000000001
2016-10-07,294.0,5.68
2016-10-08,253.6,8.2
2016-10-09,303.2,6.480000000000001
2016-10-10,128.2,2.76
2016-10-11,56.6,2.96
2016-10-12,204.0,3.3600000000000003
2016-10-13,227.8,3.38
2016-10-14,152.8,3.0
2016-10-15,69.6,2.7399999999999998
2016-10-16,236.8,6.159999999999999
2016-10-17,242.4,9.360000000000001
2016-10-18,229.6,3.3800000000000003
2016-10-19,298.2,2.8600000000000003
2016-10-20,312.4,3.22
2016-10-21,214.0,6.640000000000001
2016-10-22,193.8,3.46
2016-10-23,176.0,2.2600000000000002
2016-10-24,41.4,2.42
2016-10-25,25.2,4.0200000000000005
2016-10-26,144.6,3.8
2016-10-27,263.2,4.5200000000000005
2016-10-28,282.4,2.96
2016-10-29,226.4,7.1
2016-10-30,209.8,5.3
2016-10-31,89.6,1.2399999999999998
2016-11-01,255.6,1.72
2016-11-02,204.4,4.74
2016-11-03,222.4,4.12
2016-11-04,232.8,7.92
2016-11-05,310.6,3.44
2016-11-06,305.2,4.4399999999999995
2016-11-07,37.0,5.4399999999999995
2016-11-08,230.6,13.84
2016-11-09,222.2,6.459999999999999
2016-11-10,252.8,4.6
2016-11-11,327.8,2.7199999999999998
2016-11-12,275.6,5.14
2016-11-13,238.4,8.98
2016-11-14,24.2,2.7399999999999998
2016-11-15,21.8,6.5200000000000005
2016-11-16,290.6,4.74
2016-11-17,289.8,5.72
2016-11-18,169.8,1.86
2016-11-19,266.8,7.06
2016-11-20,224.8,9.74
2016-11-21,212.0,6.299999999999999
2016-11-22,217.4,5.279999999999999
2016-11-23,204.0,3.84
2016-11-24,216.6,1.6799999999999997
2016-11-25,29.8,4.54
2016-11-26,310.4,2.4
2016-11-27,293.2,7.3
2016-11-28,247.2,11.5
2016-11-29,240.8,6.8
2016-11-30,286.6,2.62
2016-12-01,132.2,1.04
2016-12-02,197.2,1.18
2016-12-03,199.2,2.6399999999999997
2016-12-04,221.0,3.8200000000000003
2016-12-05,144.4,1.2399999999999998
2016-12-06,38.6,2.2399999999999998
2016-12-07,34.6,4.4399999999999995
2016-12-08,26.0,4.36
2016-12-09,94.0,0.9600000000000002
2016-12-10,32.6,3.9200000000000004
2016-12-11,247.0,10.819999999999999
2016-12-12,243.4,7.2
2016-12-13,199.8,4.659999999999999
2016-12-14,267.4,5.66
2016-12-15,306.6,4.4399999999999995
2016-12-16,223.8,7.959999999999999
2016-12-17,200.4,3.7600000000000002
2016-12-18,66.8,1.26
2016-12-19,329.0,3.3400000000000007
2016-12-20,202.8,3.6400000000000006
2016-12-21,68.4,2.56
2016-12-22,49.2,2.8
2016-12-23,226.8,9.78
2016-12-24,231.0,9.1
2016-12-25,218.4,6.18
2016-12-26,212.0,4.4399999999999995
2016-12-27,237.6,3.8600000000000003
2016-12-28,253.0,5.24
2016-12-29,230.8,6.94
2016-12-30,159.2,1.52
2016-12-31,69.0,1.06
2017-01-01,198.6,1.7799999999999998
2017-01-02,306.0,4.06
2017-01-03,267.6,2.78
2017-01-04,236.8,7.9799999999999995
2017-01-05,192.8,4.8999999999999995
2017-01-06,172.8,1.94
2017-01-07,230.0,6.4
2017-01-08,226.4,7.659999999999999
2017-01-09,229.4,8.559999999999999
2017-01-10,268.4,5.8
2017-01-11,243.2,6.92
2017-01-12,291.8,2.7399999999999998
2017-01-13,298.6,6.859999999999999
2017-01-14,229.8,2.68
2017-01-15,308.6,4.8
2017-01-16,224.4,8.0
2017-01-17,211.0,5.9750000000000005
2017-01-18,248.2,5.6
2017-01-19,271.8,3.4
2017-01-20,244.4,9.680000000000001
2017-01-21,59.8,2.58
2017-01-22,237.6,7.859999999999999
2017-01-23,252.0,10.780000000000001
2017-01-24,217.0,4.58
2017-01-25,309.2,2.12
2017-01-26,214.0,6.12
2017-01-27,224.8,3.96
2017-01-28,206.0,4.2
2017-01-29,198.8,1.02
2017-01-30,205.0,2.8600000000000003
2017-01-31,134.6,1.22
2017-02-01,314.2,2.8
2017-02-02,274.4,2.26
2017-02-03,305.2,4.3
2017-02-04,218.6,4.56
2017-02-05,202.6,4.54
2017-02-06,105.2,1.1800000000000002
2017-02-07,274.8,4.92
2017-02-08,206.0,5.58
2017-02-09,123.6,2.06
2017-02-10,133.6,0.76
2017-02-11,217.2,4.08
2017-02-12,144.4,1.5199999999999998
2017-02-13,290.2,8.5
2017-02-14,177.4,1.0
2017-02-15,179.8,2.68
2017-02-16,160.6,1.72
2017-02-17,33.2,2.9200000000000004
2017-02-18,182.4,1.8399999999999999
2017-02-19,62.2,2.12
2017-02-20,72.8,3.3200000000000003
2017-02-21,87.0,1.6600000000000001
2017-02-22,312.4,1.8
2017-02-23,183.8,1.5400000000000003
2017-02-24,85.2,0.72
2017-02-25,317.2,1.7399999999999998
2017-02-26,182.6,2.64
2017-02-27,85.8,0.96
2017-02-28,102.4,1.52
2017-03-01,135.2,0.62
2017-03-02,198.6,3.0
2017-03-03,110.2,1.4
2017-03-04,239.6,5.32
2017-03-05,215.0,4.52
2017-03-06,222.0,4.0200000000000005
2017-03-07,63.4,2.78
2017-03-08,124.8,4.959999999999999
2017-03-09,126.0,2.58
2017-03-10,65.2,5.76
2017-03-11,91.8,4.52
2017-03-12,38.0,6.0
2017-03-13,260.4,6.040000000000001
2017-03-14,235.6,5.76
2017-03-15,162.0,2.46
2017-03-16,158.0,1.3
2017-03-17,128.8,0.72
2017-03-18,191.0,2.1399999999999997
2017-03-19,180.2,1.2799999999999998
2017-03-20,171.6,1.3199999999999998
2017-03-21,222.4,7.859999999999999
2017-03-22,229.4,4.3999999999999995
2017-03-23,263.2,3.5800000000000005
2017-03-24,57.2,0.9200000000000002
2017-03-25,285.4,1.1599999999999997
2017-03-26,55.8,4.459999999999999
2017-03-27,5.2,2.2600000000000002
2017-03-28,84.2,1.2
2017-03-29,297.2,2.8
2017-03-30,280.6,2.14
2017-03-31,194.8,1.34
2017-04-01,89.8,0.76
2017-04-02,47.6,2.3200000000000003
2017-04-03,207.0,1.0400000000000003
2017-04-04,42.2,4.720000000000001
2017-04-05,19.8,5.84
2017-04-06,260.6,6.92
2017-04-07,262.8,5.040000000000001
2017-04-08,78.6,0.8
2017-04-09,128.8,0.9200000000000002
2017-04-10,108.0,1.16
2017-04-11,69.4,1.9600000000000002
2017-04-12,52.4,5.819999999999999
2017-04-13,63.4,3.4200000000000004
2017-04-14,282.4,2.16
2017-04-15,212.8,2.1
2017-04-16,284.4,2.3
2017-04-17,324.2,2.56
2017-04-18,150.0,1.3
2017-04-19,107.8,0.6399999999999999
2017-04-20,228.0,4.16
2017-04-21,113.2,0.9800000000000001
2017-04-22,153.6,0.8
2017-04-23,144.6,1.56
2017-04-24,167.6,2.04
2017-04-25,161.6,0.72
2017-04-26,114.8,0.6
2017-04-27,102.0,0.54
2017-04-28,72.0,1.14
2017-04-29,100.2,2.0799999999999996
2017-04-30,252.4,3.6399999999999997
2017-05-01,186.0,5.019999999999999
2017-05-02,170.2,1.22
2017-05-03,64.4,0.6799999999999999
2017-05-04,226.2,8.16
2017-05-05,220.0,6.0
2017-05-06,138.2,0.48
2017-05-07,69.0,0.8400000000000001
2017-05-08,175.6,0.5599999999999999
2017-05-09,82.4,0.9800000000000001
2017-05-10,58.0,2.4
2017-05-11,43.4,5.26
2017-05-12,98.2,4.220000000000001
2017-05-13,183.2,2.9
2017-05-14,180.8,0.8400000000000001
2017-05-15,207.2,0.9800000000000001
2017-05-16,100.6,1.56
2017-05-17,34.6,10.64
2017-05-18,299.4,7.7
2017-05-19,236.8,10.46
2017-05-20,265.0,7.74
2017-05-21,173.2,4.5
2017-05-22,75.4,0.8
2017-05-23,75.0,1.1
2017-05-24,204.0,1.6
2017-05-25,93.0,1.04
2017-05-26,71.6,1.3800000000000001
2017-05-27,214.2,0.8400000000000001
2017-05-28,290.0,1.12
2017-05-29,210.8,1.3599999999999999
2017-05-30,139.8,0.9
2017-05-31,156.0,2.0
2017-06-01,178.0,0.6
2017-06-02,100.0,1.86
2017-06-03,156.2,2.74
2017-06-04,148.2,0.48
2017-06-05,25.8,1.7399999999999998
2017-06-06,91.6,0.8800000000000001
2017-06-07,198.6,0.76
2017-06-08,139.6,1.4
2017-06-09,221.6,0.78
2017-06-10,240.8,5.6000000000000005
2017-06-11,149.4,1.1800000000000002
2017-06-12,274.4,0.9199999999999999
2017-06-13,334.4,1.9400000000000002
2017-06-14,239.2,13.039999999999997
2017-06-15,156.8,2.54
2017-06-16,224.0,4.22
2017-06-17,122.4,0.7
2017-06-18,139.0,0.9
2017-06-19,80.6,1.36
2017-06-20,78.4,0.8
2017-06-21,78.4,2.9999999999999996
2017-06-22,72.6,4.98
2017-06-23,156.2,0.68
2017-06-24,214.8,5.54
2017-06-25,323.6,2.08
2017-06-26,194.0,3.06
2017-06-27,78.6,0.38
2017-06-28,206.8,1.3599999999999999
2017-06-29,152.6,0.72
2017-06-30,155.0,0.6399999999999999
2017-07-01,33.4,7.1
2017-07-02,56.2,2.1
2017-07-03,87.4,3.46
2017-07-04,193.6,1.6800000000000002
2017-07-05,65.2,1.1400000000000001
2017-07-06,63.6,2.8400000000000003
2017-07-07,93.2,1.36
2017-07-08,62.8,1.0
2017-07-09,85.6,1.5
2017-07-10,220.6,5.38
2017-07-11,136.6,1.3599999999999999
2017-07-12,235.6,4.06
2017-07-13,192.0,2.86
2017-07-14,194.6,4.0
2017-07-15,157.6,1.7399999999999998
2017-07-16,66.2,0.9400000000000001
2017-07-17,166.0,0.9800000000000001
2017-07-18,67.8,1.48
2017-07-19,108.8,0.78
2017-07-20,63.8,3.34
2017-07-21,306.0,6.2
2017-07-22,337.6,4.159999999999999
2017-07-23,148.6,1.3800000000000001
2017-07-24,254.6,4.680000000000001
2017-07-25,310.8,2.72
2017-07-26,226.0,3.8800000000000003
2017-07-27,80.8,2.34
2017-07-28,282.6,3.12
2017-07-29,186.6,2.9000000000000004
2017-07-30,104.8,0.6
2017-07-31,68.8,1.08
2017-08-01,273.6,1.06
2017-08-02,54.0,2.92
2017-08-03,129.0,3.5799999999999996
2017-08-04,193.0,0.9600000000000002
2017-08-05,230.6,0.42000000000000004
2017-08-06,53.6,3.4
2017-08-07,264.4,1.36
2017-08-08,37.8,3.4800000000000004
2017-08-09,28.8,5.959999999999999
2017-08-10,332.0,2.32
2017-08-11,193.2,1.56
2017-08-12,238.0,4.12
2017-08-13,282.2,1.5
2017-08-14,79.2,1.8799999999999997
2017-08-15,326.8,2.9600000000000004
2017-08-16,326.4,2.48
2017-08-17,28.4,2.68
2017-08-18,173.4,0.96
2017-08-19,49.8,2.2800000000000002
2017-08-20,297.6,5.06
2017-08-21,229.6,3.5800000000000005
2017-08-22,130.0,0.8
2017-08-23,163.6,0.74
2017-08-24,97.8,0.72
2017-08-25,86.4,1.5399999999999998
2017-08-26,72.0,1.56
2017-08-27,57.2,5.0200000000000005
2017-08-28,28.2,6.760000000000001
2017-08-29,267.0,1.4
2017-08-30,112.6,1.6200000000000003
2017-08-31,204.2,1.4
2017-09-01,70.2,1.34
2017-09-02,123.8,2.4
2017-09-03,184.8,3.2199999999999998
2017-09-04,217.8,4.7
2017-09-05,271.8,2.7600000000000002
2017-09-06,208.0,3.0000000000000004
2017-09-07,331.2,3.2400000000000007
2017-09-08,278.4,4.74
2017-09-09,80.2,3.44
2017-09-10,284.6,6.82
2017-09-11,253.4,9.9
2017-09-12,242.6,9.54
2017-09-13,270.4,5.8999999999999995
2017-09-14,260.6,8.66
2017-09-15,99.2,3.8200000000000003
2017-09-16,270.2,6.840000000000001
2017-09-17,279.2,1.8
2017-09-18,273.0,7.540000000000001
2017-09-19,163.8,2.7
2017-09-20,276.8,2.02
2017-09-21,149.0,2.7199999999999998
2017-09-22,135.2,1.86
2017-09-23,211.4,4.779999999999999
2017-09-24,252.6,3.7600000000000002
2017-09-25,332.4,2.14
2017-09-26,24.4,3.8
2017-09-27,250.6,1.6799999999999997
2017-09-28,212.4,3.8200000000000003
2017-09-29,265.2,1.52
2017-09-30,156.4,0.96
2017-10-01,27.0,3.5200000000000005
2017-10-02,231.6,13.1
2017-10-03,246.4,6.960000000000001
2017-10-04,219.4,5.36
2017-10-05,231.0,7.32
2017-10-06,114.4,1.16
2017-10-07,20.2,2.66
2017-10-08,39.0,7.0
2017-10-09,29.8,2.66
2017-10-10,82.0,2.18
2017-10-11,258.4,7.4799999999999995
2017-10-12,233.8,7.92
2017-10-13,271.4,3.72
2017-10-14,202.4,2.92
2017-10-15,256.8,7.619999999999999
2017-10-16,227.6,8.36
2017-10-17,218.75,7.175
2017-10-18,220.6,6.04
2017-10-19,221.0,1.04
2017-10-20,219.4,6.0200000000000005
2017-10-21,236.8,8.579999999999998
2017-10-22,297.8,5.220000000000001
2017-10-23,42.2,3.94
2017-10-24,259.0,5.380000000000001
2017-10-25,253.0,5.9799999999999995
2017-10-26,282.8,6.8199999999999985
2017-10-27,331.2,2.6
2017-10-28,55.6,2.4
2017-10-29,63.4,2.78
2017-10-30,70.2,3.2400000000000007
2017-10-31,89.2,2.96
2017-11-01,77.0,3.8600000000000003
2017-11-02,51.0,5.56
2017-11-03,34.8,6.659999999999999
2017-11-04,38.2,3.16
2017-11-05,254.4,1.86
2017-11-06,226.8,6.959999999999999
2017-11-07,62.2,2.12
2017-11-08,215.6,6.42
2017-11-09,210.8,3.2399999999999998
2017-11-10,199.2,4.0600000000000005
2017-11-11,157.8,3.5
2017-11-12,195.2,3.7
2017-11-13,96.2,1.2
2017-11-14,100.2,1.4000000000000001
2017-11-15,64.8,2.7
2017-11-16,103.2,2.22
2017-11-17,136.8,2.4
2017-11-18,135.8,3.9800000000000004
2017-11-19,177.2,2.66
2017-11-20,159.0,3.38
2017-11-21,101.2,1.58
2017-11-22,68.0,2.56
2017-11-23,246.2,1.24
2017-11-24,217.4,3.0799999999999996
2017-11-25,81.2,1.6
2017-11-26,77.4,2.2199999999999998
2017-11-27,69.6,2.76
2017-11-28,70.2,2.2
2017-11-29,119.0,1.7999999999999996
2017-11-30,248.4,1.72
2017-12-01,73.8,1.56
2017-12-02,64.6,2.22
2017-12-03,173.0,0.8800000000000001
2017-12-04,193.0,1.52
2017-12-05,165.6,1.2
2017-12-06,162.4,1.2
2017-12-07,63.8,2.16
2017-12-08,77.4,2.2399999999999998
2017-12-09,26.8,4.139999999999999
2017-12-10,80.4,2.2399999999999998
2017-12-11,308.4,1.98
2017-12-12,211.4,3.66
2017-12-13,216.0,5.14
2017-12-14,213.8,4.4799999999999995
2017-12-15,57.2,2.2199999999999998
2017-12-16,286.4,3.0799999999999996
2017-12-17,156.6,1.48
2017-12-18,286.4,3.2199999999999998
2017-12-19,231.0,4.86
2017-12-20,231.6,10.3
2017-12-21,204.0,4.5600000000000005
2017-12-22,275.2,1.5599999999999998
2017-12-23,49.2,5.3999999999999995
2017-12-24,65.0,3.3
2017-12-25,58.4,3.2600000000000002
2017-12-26,200.0,2.6799999999999997
2017-12-27,209.6,5.4
2017-12-28,183.0,3.3600000000000003
2017-12-29,195.8,4.68
2017-12-30,211.2,1.36
2017-12-31,246.6,1.2
2018-01-01,86.6,2.38
2018-01-02,60.6,2.38
2018-01-03,116.2,1.64
2018-01-04,47.6,4.88
2018-01-05,20.2,10.1
2018-01-06,250.4,9.6
2018-01-07,250.4,4.26
2018-01-08,210.6,4.38
2018-01-09,170.0,2.1799999999999997
2018-01-10,245.0,3.2600000000000002
2018-01-11,243.4,3.2
2018-01-12,162.4,1.42
2018-01-13,43.4,4.5
2018-01-14,56.8,3.7
2018-01-15,79.2,2.96
2018-01-16,56.4,6.12
2018-01-17,41.8,9.98
2018-01-18,38.4,8.24
2018-01-19,31.4,6.540000000000001
2018-01-20,46.0,3.04
2018-01-21,37.4,2.48
2018-01-22,22.4,3.34
2018-01-23,47.4,1.52
2018-01-24,190.4,2.08
2018-01-25,213.2,3.4400000000000004
2018-01-26,195.8,2.5
2018-01-27,83.6,1.3199999999999998
2018-01-28,103.4,1.28
2018-01-29,104.0,1.5799999999999998
2018-01-30,85.4,2.1
2018-01-31,58.6,5.18
2018-02-01,34.2,11.139999999999999
2018-02-02,227.0,5.38
2018-02-03,103.2,1.78
2018-02-04,113.6,1.38
2018-02-05,86.6,1.3399999999999999
2018-02-06,258.0,4.640000000000001
2018-02-07,148.2,1.8
2018-02-08,123.8,3.46
2018-02-09,144.2,2.82
2018-02-10,101.4,0.9
2018-02-11,52.0,5.32
2018-02-12,50.6,2.84
2018-02-13,30.4,4.0600000000000005
2018-02-14,35.8,3.88
2018-02-15,195.0,2.68
2018-02-16,248.4,0.72
2018-02-17,30.4,2.1
2018-02-18,76.4,0.8
2018-02-19,137.4,0.9199999999999999
2018-02-20,26.8,5.959999999999999
2018-02-21,273.8,3.96
2018-02-22,318.0,2.8600000000000003
2018-02-23,248.6,1.9600000000000002
2018-02-24,133.8,1.8399999999999999
2018-02-25,124.8,0.5799999999999998
2018-02-26,263.0,1.8799999999999997
2018-02-27,101.8,2.06
2018-02-28,58.0,5.82
2018-03-01,66.4,4.0200000000000005
2018-03-02,63.4,3.54
2018-03-03,106.4,1.8800000000000001
2018-03-04,105.8,1.6
2018-03-05,215.2,0.6599999999999999
2018-03-06,102.2,0.8400000000000001
2018-03-07,96.6,4.5
2018-03-08,126.4,2.7
2018-03-09,161.6,1.7399999999999998
2018-03-10,143.8,1.38
2018-03-11,126.0,2.06
2018-03-12,159.0,3.16
2018-03-13,231.8,10.52
2018-03-14,222.8,5.9399999999999995
2018-03-15,65.6,0.9400000000000001
2018-03-16,280.2,1.42
2018-03-17,138.2,0.86
2018-03-18,128.0,2.84
2018-03-19,126.2,2.46
2018-03-20,121.4,2.04
2018-03-21,123.4,1.3
2018-03-22,142.8,0.74
2018-03-23,74.6,1.8199999999999998
2018-03-24,46.6,2.8
2018-03-25,225.0,1.4
2018-03-26,166.2,0.64
2018-03-27,198.8,1.1199999999999999
2018-03-28,75.2,1.02
2018-03-29,339.4,1.5
2018-03-30,294.8,1.26
2018-03-31,295.0,2.9
2018-04-01,207.8,3.62
2018-04-02,95.4,0.64
2018-04-03,302.6,1.6599999999999997
2018-04-04,328.0,1.8199999999999998
2018-04-05,217.8,4.4399999999999995
2018-04-06,157.4,0.6199999999999999
2018-04-07,227.2,5.42
2018-04-08,93.6,0.76
2018-04-09,292.6,2.9799999999999995
2018-04-10,307.0,6.220000000000001
2018-04-11,193.2,6.5
2018-04-12,147.6,3.1
2018-04-13,241.0,13.780000000000001
2018-04-14,269.8,10.14
2018-04-15,126.8,0.8400000000000001
2018-04-16,210.8,3.28
2018-04-17,350.0,1.94
2018-04-18,274.6,7.739999999999999
2018-04-19,228.6,3.44
2018-04-20,275.6,4.08
2018-04-21,310.8,2.9
2018-04-22,236.2,8.9
2018-04-23,143.0,0.8800000000000001
2018-04-24,320.2,2.62
2018-04-25,111.8,1.02
2018-04-26,64.8,0.66
2018-04-27,69.4,1.5400000000000003
2018-04-28,57.8,6.3
2018-04-29,44.6,4.36
2018-04-30,45.8,3.22
2018-05-01,236.6,3.94
2018-05-02,157.6,2.06
2018-05-03,139.0,0.9799999999999999
2018-05-04,84.6,0.7
2018-05-05,120.6,1.64
2018-05-06,327.6,3.06
2018-05-07,225.4,6.7
2018-05-08,222.0,3.8400000000000007
2018-05-09,232.2,4.32
2018-05-10,183.2,0.6199999999999999
2018-05-11,40.0,3.9199999999999995
2018-05-12,51.8,2.9799999999999995
2018-05-13,214.8,3.2399999999999998
2018-05-14,106.6,1.3199999999999998
2018-05-15,42.2,2.9799999999999995
2018-05-16,18.6,3.0200000000000005
2018-05-17,237.6,2.56
2018-05-18,258.4,2.82
2018-05-19,327.2,3.4
2018-05-20,281.2,1.72
2018-05-21,338.4,2.02
2018-05-22,318.6,2.46
2018-05-23,301.0,4.380000000000001
2018-05-24,250.8,7.4799999999999995
2018-05-25,288.4,7.56
2018-05-26,173.4,3.7599999999999993
2018-05-27,260.0,7.7
2018-05-28,172.4,2.2800000000000002
2018-05-29,121.2,1.64
2018-05-30,192.8,0.72
2018-05-31,122.4,0.9
2018-06-01,166.2,0.6199999999999999
